user_name,review_date,rating,review_title,drama_id,drama_name
선호하는편,3달 전,4.0,"우리가 찾던 바로 그 청춘 로맨스물. 안 본 사람은 있어도 한번만 본 사람은 없는, 늦지않게 정주행해야 하는 작품. 연출진의 계산된 연출과 각본이 유치하지 않은 설렘으로 다가온다.",130294,선재 업고 튀어
빌런팝콘,3달 전,No rating,"쫀쫀한 스토리에 숨겨진 떡밥, 복선을 찾아가는 재미가 쏠쏠하다.
김혜윤 배우의 흡입력있는 연기력과 변우석 배우의 91년생임이 믿기지 않는 청춘 비주얼, 아름다운 색감까지 묘미이다",130294,선재 업고 튀어
톰홀랜드,4달 전,4.0,어?왜 이거 재밌어 ㅋㅋ,130294,선재 업고 튀어
조선팔도제일한량012,3달 전,5.0,요즘 선재업고 튀어에 빠져있습니다. 그 이유는,130294,선재 업고 튀어
요이쿵,4달 전,4.5,"1화 눈물 콧물 ㅠㅠ 두배우 키차이 ... 👍  
김혜윤배우의 청량함과 변우석배우의 잡아주는 연기가 드라마와 잘어울려서 기분좋아진다",130294,선재 업고 튀어
스큅,4달 전,No rating,초여름이 될 때 마다 생각나는 인생 청춘 드라마!!  김혜윤 배우의 풋풋함과 뽀쟉함만으로도 너무 재밌다. 16부작임에도 1년 동안 본 것 같은 탄탄한 서사가 있는 드라마는 처음!,130294,선재 업고 튀어
오하루,3달 전,5.0,"누군가의 팬이라면 설렐만한 드라마!
원작과 내용이 다르지만 드라마만의 매력이 가득 담겨 있어요",130294,선재 업고 튀어
샨당,3달 전,4.5,탄탄한 스토리에 그야말로 여심 덕심 저격 빵빵,130294,선재 업고 튀어
하늘협곡,3달 전,3.0,2화 엔딩으로 인해 이 이야기는 한층 깊어진다,130294,선재 업고 튀어
고고한_윤여정_166939,3달 전,5.0,선재솔 넘 좋아요,130294,선재 업고 튀어
로니,2달 전,2.0,억지 갈등과 억지 유머의 무한 반복.,130294,선재 업고 튀어
행복,3달 전,5.0,매화마다 레전드에 완벽한 스토리!!,130294,선재 업고 튀어
지구름달,3달 전,4.0,가벼운 마음으로 보다가 푹 빠지게 되는 매력!,130294,선재 업고 튀어
데구르르_도토리,3달 전,5.0,"1,2화까지만 봐보세요 처음엔 오글거린다 생각할 수 있지만, 곧 솔,선재의 매력에 푹 빠질 것입니다... 그리고 2000년대 향수를 일으키는 시대고증 너무 킹받고 재밌어요~!",130294,선재 업고 튀어
곽도훈,3달 전,4.0,우리 쓰앵님도 반할 정도로 선구안이 좋은 예서,130294,선재 업고 튀어
고고한_한소희_648969,3달 전,5.0,이런 타임물 평소에도 좋아하는 장르인데 좋아하는 배우 변우석이 주연으로 나와서 정말 좋아요!!,130294,선재 업고 튀어
스완00,3달 전,5.0,솔이가 너무 너무 사랑스럽습니다 ... 🥰🥰,130294,선재 업고 튀어
깜찍한_안나_362171,3달 전,5.0,왜 내가 설레~,130294,선재 업고 튀어
선재업고튀어,4달 전,5.0,개애애애앵잼,130294,선재 업고 튀어
화가난_마동석_141642,2달 전,5.0,눈물의여왕 저리가라 선업튀가 올해 최고작임,130294,선재 업고 튀어
리무진,2달 전,5.0,한국 청춘로코드라마의 최고봉이 이 작품이 될줄은 정말 몰랐다.,130294,선재 업고 튀어
영화의순간들,2달 전,4.5,"𝙰𝚗𝚍 𝚢𝚘𝚞, 𝚆𝚑𝚊𝚝 𝚠𝚘𝚞𝚕𝚍 𝚢𝚘𝚞 𝚍𝚘 𝚏𝚘𝚛 𝚕𝚘𝚟𝚎?",130294,선재 업고 튀어
민짱,2달 전,4.0,나쁘지않은 로맨틱 환타지. 뻔해도 주기적으로 봐줘야 연애세포 존버시켜주는 드라마,130294,선재 업고 튀어
스완881201,3달 전,4.0,"그 시절 음악도 반갑고 배경도 반갑고 추억에 잠기게 하는 드라마
사랑스러운 여주와 여주를 향한 일편단심이 너무 멋있는 남주의 케미가 최고",130294,선재 업고 튀어
.,3달 전,4.0,"왜 정석이라고 불리는 것들이 늘 그리운지, 나오면 보고싶은지, 가끔 찾게되는지를 명확하게 보여준 드라마",130294,선재 업고 튀어
내팝콘임시완꺼,3달 전,5.0,진짜 아마 선업튀에 입덕하신분들 모두가 자기가 월요일을 기다리게 될줄은 모르셨을거에요..솔직히 선업튀 덕분에 월요일이 기다려지는건 물론이고 피곤하고 지치던 월요일 저녁에 기분 최고,130294,선재 업고 튀어
고으니,3달 전,4.5,저는 태성 업고 튀겠습니다,130294,선재 업고 튀어
화가난_조인성_634341,3달 전,5.0,"흔한로맨틱드라마이긴 한데 뭔가 한수푼 더 있네요
볼수록 재밌어요",130294,선재 업고 튀어
샨뜻시완,3달 전,5.0,그 당시 추억도 새록새록 기억나니 더 재밌는 것 같아요,130294,선재 업고 튀어
기뮨,4달 전,5.0,나의 최애,130294,선재 업고 튀어
싹싹한_엠마스톤_933337,4달 전,5.0,너무 재밌어요,130294,선재 업고 튀어
방랑토끼,2달 전,2.5,나름 재밌게 보긴 했지만 평가는 과하다,130294,선재 업고 튀어
굴소년,2달 전,4.0,"정해진 운명을 바꾸려 고군분투하는 귀엽고 예쁜 주인공들의 통통 튀는 연기와 그 시절로 돌아간 듯한 소품과 음악, 쫄깃한 연출이 풋풋하고 설레고 두근거리고 가슴 터지게 한다.",130294,선재 업고 튀어
나의푸른시절,2달 전,5.0,2개월간 행복했어요.,130294,선재 업고 튀어
나타,2달 전,5.0,판타지 멜로로 더할나위 없음. 시간을 넘나들며 그 모든걸 이겨내고 만들어내는 사랑 서사가 기가막힘. 주연배우 합도 좋고 조연들의 서포트도 완벽함. 연출대사도 기막힌 성의있는 드라마,130294,선재 업고 튀어
LAON,2달 전,4.5,"학창시절, 대학시절 한번쯤 겪어보고 싶었던 청춘로맨스 
그때 그시절 BGM까지 너무 너무 잘어울리는 드라마
주인공들 연기도 연기지만 숨겨진 이야기들의 복선을 찾아보는 재미까지 쏠쏠",130294,선재 업고 튀어
폭룡적_한소희_410571,2달 전,5.0,5점도 모자라네요 10점 아니 100점도 주고싶네요!! 인생드라마 입니다!!,130294,선재 업고 튀어
Movie_Collector,2달 전,4.0,시간을 넘어서 과거를 바꿔서라도 이루고 싶은 운명적 사랑,130294,선재 업고 튀어
우석업고튀어,3달 전,5.0,선업튀내인생작이예요!!! 모두선업튀봐주세요❤️‍🔥❤️‍🔥,130294,선재 업고 튀어
즐거운_조인성_205066,3달 전,5.0,진짜 최고최고 ㅠㅠㅠ 매화가 레전드,130294,선재 업고 튀어
채봄,3달 전,5.0,나의 갬성 시절 추억 돋게 해주고 내심장 폭격시켜주는 로코임 솔선재는사랑입니다! 둘다 업고튈수있게 해주세요! 이건꼭봐줘야함 나도파민폭발하게해줍니댜 나는 왜 저런친구없음?,130294,선재 업고 튀어
상냥한_크리스토퍼_772509,3달 전,4.5,처음에는 상상도 못했던 케미가 회차가 지날수록 폭발하는 느낌.. 그럼에도 흐트러지지않는 중심 스토리,130294,선재 업고 튀어
숲,3달 전,5.0,재미있네요! 끝까지 이렇게만~,130294,선재 업고 튀어
Newker,3달 전,4.0,김빵 작가의 내일의 으뜸 : 선재 업고 튀어 로맨스 웹소설 원작. 주인공 변우석 류선재도 귀엽고 김혜윤 임솔도 귀엽고 심지어 조연들도 모두 귀엽다,130294,선재 업고 튀어
NVMIS,3달 전,5.0,두 배우의 풋풋함에 함박웃음 지으면서 보게 되는 드라마ㅋㅋ 누군가의 팬이었던 어린시절이 생각남ㅋㅋ,130294,선재 업고 튀어
궁금한_침착맨_980230,3달 전,5.0,완전  재미   짱,130294,선재 업고 튀어
까칠한 타란티노_123319,3달 전,5.0,넘 재밌어요,130294,선재 업고 튀어
드덕드덕🐥,3달 전,5.0,미쳤어요 그냥 제발 다 보고 피해없으시길,130294,선재 업고 튀어
궁금한_스폰지밥_59789,3달 전,5.0,시간순삭,130294,선재 업고 튀어
DramaLover,3달 전,5.0,한국의 청춘 로맨스는 선재업고튀어🩵,130294,선재 업고 튀어
k.kei,4달 전,5.0,"너무 재밌어 미쳐 ,, 선재솔이 너무 사랑스럽고 귀엽고 🥹👍🏻",130294,선재 업고 튀어
설기,4달 전,5.0,기다리던 드라마인데 기대보다 더 재미있음,130294,선재 업고 튀어
싹싹한_마동석_487408,4달 전,5.0,진짜 너무넘재밌음!!! 배우들 연기 변우석 김혜윤 케미 체고,130294,선재 업고 튀어
궁금한_엠마스톤_443199,4달 전,2.0,30대인 내가 보기엔 너무 유치해서 많이 힘드네..,130294,선재 업고 튀어
말랑,18일 전,4.0,우연치 않게 모두의 눈에 홀리듯 들어와 첫사랑을 그려낸다.,130294,선재 업고 튀어
즐거운_신동엽_533053,한 달 전,5.0,인생 13년차 인데요 제 인생 드라마😍😍,130294,선재 업고 튀어
친절한_슈카_166362,2달 전,5.0,진짜 평생계속 정주행 할거같은 내최애 드라마 ㅠㅠ최거에요,130294,선재 업고 튀어
달려라쭉,2달 전,0.5,여성을위한 환타지물? 변우석 보기용? 무매력 억지 깨발랄 여주 답답하고 억지 전개..  6화까진 가냥저냥 하이틴 드라마같으나 이후 딴짓하면서 보게되네요,130294,선재 업고 튀어
가여운것들,2달 전,4.0,두 주인공이 찰떡같은 역할을 맡아 찰떡같이 소화해준 망할 수 없었던 드라마 마지막 화 두세편에서 변우석배우의 연기는 강남순을 생각나게 했다...청춘이 잘 어울리는 변우석배우😉,130294,선재 업고 튀어
Cho,2달 전,5.0,솔직히 좋았다 나중에 다시 봐야지,130294,선재 업고 튀어
쁘띠겸쭤,2달 전,3.5,"누군가의 어떤 참견이나 핀잔도 들어오지 못할, 틈없이 꽉 닫힌 엔딩으로 모든 시간을 구원한 작품.",130294,선재 업고 튀어
둥,2달 전,4.0,솔선재 평생 행복해야해🥰,130294,선재 업고 튀어
Borana,2달 전,5.0,처음엔 그저 흥미정도였는데 뒤로 갈수록 작가님에게 감탄을 보내게 되었어요 ㅎㅎㅎ 선재야 나는 너 못보낸다 ㅠㅠㅠㅠ,130294,선재 업고 튀어
그림소리,2달 전,3.5,배우 커플이 보여주는 설렘 케미 정석을 업고 회귀물 장르의 재미가 튀어나온다.,130294,선재 업고 튀어
도도링,2달 전,5.0,작품에 진심인 사람들만 모여 만들어진 걸작….,130294,선재 업고 튀어
최하진,2달 전,5.0,진짜.. 내 심장을 들었다놨다 하는구나..🫠,130294,선재 업고 튀어
키다리아저씨,2달 전,5.0,똑똑한 드라마,130294,선재 업고 튀어
우주,2달 전,3.5,행복했으면 된 거지,130294,선재 업고 튀어
색시주뇨비,2달 전,4.0,잘 만든 타임슬립 그 어떤 기대작 안부럽다. 드라마는 역시 꽉찬 해피엔딩,130294,선재 업고 튀어
아우라,2달 전,5.0,작년인가? tvN에서 방영했던것 같은데 반짝이는 워터멜론 시즌2같네요 그 드라마랑 느낌이 비슷한데 둘다 재미도있고 감동도 있네요 개인적으로 눈물의여왕보다 더 나은것 같아요~,130294,선재 업고 튀어
siru_99,2달 전,5.0,변우석과 김혜윤이 아니었다면 이정도 흥행 절대불가능했을 것이라고 생각이 들 정도로 찰떡.!..!!!!!,130294,선재 업고 튀어
고고한_올라프_772570,2달 전,-,완전 재밌어요,130294,선재 업고 튀어
히히,2달 전,4.0,대략적인 내용은 평범한 시간여행 소재를 사용했지만 2화부터 다르다 아직 끝나진 않아 모르지만 속도도 괜찮고 내용도 특이하고 현실 고증도 잘됐으며 연기도 너무 좋고 볼만 하다,130294,선재 업고 튀어
덤덤한_루이스_939974,2달 전,5.0,"안 본 사람은 있어도 한 번만 본 사람은 없다. 매화 예측불가 엔딩,극본,연출,연기,ost까지 뭐하나 빠지지 않는 드라마♡ 풋풋했던 그 시절 청춘, 뜨거웠던 사랑이 그리운 분들께",130294,선재 업고 튀어
궁금한_뉴진스_653367,2달 전,5.0,"개인적으로 타임루프 소재를 좋아합니다.
선재군을 꼭 구했으면  좋겠네요^^",130294,선재 업고 튀어
행복한_엠마스톤_474294,2달 전,5.0,"월요병퇴치 ~
솔선커플♡",130294,선재 업고 튀어
초록빛햇살,2달 전,5.0,"내겐 2024 최고의 드라마!!  
티벤이 드디어 시청자의 요구를 맞춰줬네요. 
캐미요정 김혜윤배우, 선재 그자체 변우석배우, 드라마보며 행복합니다🙆😍",130294,선재 업고 튀어
고고한_크리스토퍼_705478,2달 전,5.0,"저 얼굴에 저 스토리
비현실적인데 자꾸만 생각나고 보게되네요
16화 엔딩보다 내가 울 꺼 같은 느낌이랄까",130294,선재 업고 튀어
신이난_레이놀즈_340099,2달 전,1.5,"소재는 재미있고 흥미로운 부분도 많지만 
30대 남성이 보기엔 유치한 부분히 많아서 굉장히 힘듬...
와이프랑 같이보는중인데 와이프는 엄청 재미있어함",130294,선재 업고 튀어
시크캣,2달 전,2.5,15년 전으로 타임슬립하는 임솔을 따라 동심으로 시청 해야 감당 가능한 감성,130294,선재 업고 튀어
유콘갓준,2달 전,5.0,드라마 끝나서 다시 써요! 너무너무 완벽한 결말 솔❤️선재 너무 달달하구 월요병치료제 역할을 해주엇던 솔선재!못보내여ㅠㅠ 선업튀 보면서 너무 행복하고 대리 설렛네용! 짱짱!💕👍,130294,선재 업고 튀어
행복한_팀버튼_807447,2달 전,5.0,아묻따ㅡ보세요,130294,선재 업고 튀어
수바기통통,2달 전,4.5,마멜공주의 청춘물은 역시 믿고본다,130294,선재 업고 튀어
궁금한_김선호_949683,3달 전,0.5,진짜 내가 여러 드라마보면서 리뷰 처음 남긴다..,130294,선재 업고 튀어
chae,3달 전,5.0,"로맨스 코미디의 정석.
앞으로 나올 로맨스 드라마 중 선재솔을 뛰어 넘을 사랑이 있을까",130294,선재 업고 튀어
이둥래고,3달 전,2.0,바이럴이 너무 심해서 보기 전부터 불편함이 드는 작품.,130294,선재 업고 튀어
상냥한 마고로비_126270,3달 전,5.0,"2화 엔딩은 진짜 내인생 최고의 드라마 엔딩
그거 보면 선재한테 빠져서 나올수없음ㅠ",130294,선재 업고 튀어
클로버,3달 전,4.5,청춘 그자체의 드라마 보면 자연스럽게 미소가난다,130294,선재 업고 튀어
상당한_드라마_덕후,3달 전,4.5,시점과 상황이 특히 좋았던 드라마,130294,선재 업고 튀어
친절한_김혜수_689942,3달 전,5.0,"김혜윤/변우석배우가 꼭 맞는 배역을 맡았고 !!! 연기도 미쳤음.
섬세한 감정연기들과 코미디연기 로맨스연기들까지 어느하나 흠잡을때 없는 연기를 보여주고있음.",130294,선재 업고 튀어
헤리8,3달 전,No rating,내 인생 최고의 로코스릴러🥹,130294,선재 업고 튀어
싹싹한_크리스토퍼_543260,3달 전,5.0,"작가님, 감독님 선재♡솔이 햄볶하게 해주세용~~",130294,선재 업고 튀어
친절한_팀버튼_472448,3달 전,5.0,"선재와 솔, 해피엔딩을 기대합니다. 너무 예쁜 사랑 꼭 이뤄지길!!!",130294,선재 업고 튀어
발랄한 송강호_135130,3달 전,5.0,다 필요없고 김혜윤의 태성좋아 ucc 장면 하나로 이 드라마의 존재가치는 증명됐음,130294,선재 업고 튀어
재밌는_한효주_261004,3달 전,5.0,"월요병을 이겨내게 하는 선업튀
안보면 후회합니다 !",130294,선재 업고 튀어
봄봄.,3달 전,5.0,너무 너무 재밌음…,130294,선재 업고 튀어
정룰루,3달 전,5.0,류선재!! 이제 도망치지 말고 그냥 나 좋아해!!,130294,선재 업고 튀어
신이난_마동석_915452,3달 전,5.0,엔딩맛집!!!,130294,선재 업고 튀어
강동원은강동원,3달 전,5.0,작감배와 ost까지 갓벽한 작품. 단순히 청춘 로코를 생각한다면 깜놀할 내용. 쌍방 구원 서사가 완벽한 회귀물이자 앞으로 로코계의 바이블이 될 거란 확신이 든 새로운 작품의 탄생임,130294,선재 업고 튀어
캐주얼,3달 전,4.0,쫀쫀하고 달달한 로맨스인데 오열까지하고 싶다면 이 드라마 보세요!! 선솔 커플 서사 못 참아!!!,130294,선재 업고 튀어
말이,3달 전,3.5,귀엽다.. 귀여운 청춘들. 솔 역할에 김혜윤 배우가 아니었다면 안 됐을 것 같다.,130294,선재 업고 튀어
신이난_슈카_942880,3달 전,5.0,"미치게 간질거리네
좋아",130294,선재 업고 튀어
땅콩이,3달 전,4.0,이게 왜 시청률이 안나오는 거죠!!?!? 지금까지 봤던 월화드라마 중에 최고인 거 같아여,130294,선재 업고 튀어
귀여운_김선호_980679,3달 전,5.0,정말오랜만에설렘을주는드라마,130294,선재 업고 튀어
쿠엔타란,3달 전,1.5,"덕질을 하지 않아서 그런건지, 이 드라마를 이해하기엔 오글거림을 참기 힘들다...",130294,선재 업고 튀어
폭룡적_강동원_333931,3달 전,5.0,미쳤..,130294,선재 업고 튀어
궁금한_김혜수_999045,3달 전,No rating,"숨겨진 떡밥 회수하는게 이 드라마의 숨겨진 모먼트임 ㅋ
그리고 배우들 얼굴합이 너무 도라방스",130294,선재 업고 튀어
찡낑찡낑,3달 전,4.5,"매화 공중제비 및 발박수 10회 보장
내가 찾던 청량 하이틴 로코의 끝일지도,,",130294,선재 업고 튀어
곰돌희,3달 전,5.0,와 한번 시작했다가 몇 번을 돌려보는지? 내용 진짜 탄탄하고 배우들도 풋풋하게 연기 너무 잘함..,130294,선재 업고 튀어
베리,3달 전,5.0,설레고 풋풋하고 재밌어! 사랑스러워,130294,선재 업고 튀어
사랑스럽쭤,3달 전,5.0,"선재야~~~~~~선재를 부르는 여주의 목소리가 맴돌고
월요병 극복 할 수 있는  드라마",130294,선재 업고 튀어
혜윰,3달 전,5.0,선업튀는 나에게 정말… 하… 행복해라.,130294,선재 업고 튀어
불한당은영원하다,3달 전,5.0,진짜 너무 재미있고 누구라도 영업해주고 싶습니다ㅜㅠ 선재솔 영원해!,130294,선재 업고 튀어
무비팽,3달 전,4.0,조금 유치하다가도 배우들이 반짝거려서 보기 좋아요,130294,선재 업고 튀어
덤덤한_강동원_525635,3달 전,5.0,나를 다시설레게한 드라마,130294,선재 업고 튀어
청귤,3달 전,5.0,요근래 설레는 드라마. 스물다섯스물하나처럼 끝나지 않길🙏대리만족 끝까지 책임져줘,130294,선재 업고 튀어
친절한_티모시_198448,3달 전,5.0,변우석 배우님 연기 너무 잘해요~,130294,선재 업고 튀어
wlqslxhlrh,3달 전,5.0,재밌지만 솔이처럼 계속 눈물이 나요ㅠㅠ,130294,선재 업고 튀어
소라게,3달 전,5.0,오랜만에 제대로 된 청춘물 … 김혜윤 배우가 말아주는 10대 회귀물 …,130294,선재 업고 튀어
하랑,4달 전,5.0,아이돌 덕후라면 몰입 할 수밖에 없는 내용ㅠㅠ 간만에 재밌는 학원물 나와서 좋네요,130294,선재 업고 튀어
.,20시간 전,3.5,"진짜 내 도파민 자극..
선수생활하면서 유일한 행복이였다-✌️",130294,선재 업고 튀어
DirtyBaby,3일 전,3.5,"시청자, 재미, 흥행. 세 마리 토끼 다 잡은 청춘 로맨스 드라마",130294,선재 업고 튀어
꼬질이,5일 전,5.0,못 본 사람 없길 ㅜㅜ,130294,선재 업고 튀어
행복한_엠마스톤_700013,9일 전,5.0,"결국은 남주의 소원성취
15년이란 긴 시간을 견딜수밖에 없는 운명적 사랑
모든 것이 완벽하다 
아울러 삶에 대한 태도도 힘께 생각해보게하는 드라마 
이제껏 이런 드라마 본적이없다",130294,선재 업고 튀어
NOVA,12일 전,3.0,"청량한 두 배우의 연기 덕분에 재밌던 작품. 어쩌면 너무 뻔하고 오글거리는 소재와 순간에 연속이지만, 그게 보고 싶을 때가 분명 온다. 그리고 그것도 연기를 잘해야 볼 맛이 난다.",130294,선재 업고 튀어
dango2,14일 전,3.0,꽁냥죽음꽁냥죽음꽁냥죽음꽁냥,130294,선재 업고 튀어
Gahyeon_k,16일 전,5.0,최고의 드라마,130294,선재 업고 튀어
대체,18일 전,2.5,선재 얼굴이 흐뭇하지만 왜 이렇게까지 절절하게 솔이를 사랑하는지 모르겠음.,130294,선재 업고 튀어
우울한 디카프리오_135893,20일 전,5.0,2024 상반기 최고의 드라마 너무 완벽하다,130294,선재 업고 튀어
봉순이,21일 전,2.5,고평가 받을정도 인가싶다. 10대나 20대초면 모르겠으나 그 이상이 보면 유치할거같은데. 개인적으로 연기도 대본도 많이 유치했음. 연출이나 연기에 노력이 묻어있음,130294,선재 업고 튀어
동훈이,23일 전,3.0,재미있었지만 마지막 편이 너무 재미 없었습니다.,130294,선재 업고 튀어
보조개,24일 전,5.0,인생드라마.. 말해뭐해.. 갓드라마,130294,선재 업고 튀어
Ppu,25일 전,3.0,그냥 로맨스,130294,선재 업고 튀어
친절한민수씨,25일 전,3.0,나만 별로인가,130294,선재 업고 튀어
스트롱나인,한 달 전,3.5,"상견니+동백꽃 느낌
주연 남녀가 풋풋해서 보기 좋다
꽉닫힌 해피엔딩 결말도",130294,선재 업고 튀어
초아,한 달 전,5.0,보기전엔  많이본 내용이라 생각하고 안보다가  정주행으로 보게됐는데  너무너무 흥미진진 너무너무 재밌고  선재는  너무 존잘이구  솔이는 너무이뻐요!!>_<,130294,선재 업고 튀어
행복한_안나_667040,한 달 전,3.5,풋풋한 청춘과 타임슬립의 만남,130294,선재 업고 튀어
고고한_조인성_941542,한 달 전,4.0,어떻해든 선재를 위한  절대적인 사랑과희생으로 눈물을 많이 흘리지만 사랑을 이루는 내용 좋네요^^,130294,선재 업고 튀어
또잉,한 달 전,5.0,"최고 ,,,,, 선재 ,,,,,",130294,선재 업고 튀어
이디혜,한 달 전,4.5,오랜만에 본 애틋한 로맨스 드라마,130294,선재 업고 튀어
즐거운_이병헌_113171,한 달 전,4.0,ㅇ,130294,선재 업고 튀어
키아나,한 달 전,4.5,조금 유치한 부분이 아쉽지만 초반 설정과 쌍방구원의 애절함 정말 좋았다. 오랜만의 설렘,130294,선재 업고 튀어
친절한_서강준_966629,2달 전,5.0,재밋게봄!‘,130294,선재 업고 튀어
호이후이,2달 전,1.5,오글거리고 느리고...하차합니더( 30 후반 남자),130294,선재 업고 튀어
우서기업고튄다,2달 전,5.0,"저한테는 저런 찬란했던 첫사랑에 대한 기억이 없지만
있다면 어땠을까 싶게 만들었고, 아주 재밌었어요!!",130294,선재 업고 튀어
소나,2달 전,4.0,옛날 로코를 다시 보는 기분... 재미가있긴 하지만 신선하진 않아서 로코 안 좋아시는 분들은 비추. 로코 좋아하시는 블들은 오랜만에 옛로코를 느낄 수 있어 엄청 재밌게 볼 것 같음,130294,선재 업고 튀어
바나나맛수박,2달 전,4.0,불필요하다 싶을 정도로 유치한 개그장면이 많고 다른 여러 작품의 재미있는 사건들을 적절히 집어 넣은 것 같다. 전개가 살짝 느리지만 개그장면이 많아 재미있게 볼 수 있었다.,130294,선재 업고 튀어
우뿌,2달 전,2.0,나도 이 드라마 좋아해 보고 싶다...,130294,선재 업고 튀어
앙마누님,2달 전,4.5,간만에재미진 로코네요 풋풋해보여서좋아요,130294,선재 업고 튀어
고고한_강동원_581146,2달 전,5.0,"내 인생 드라마다
아니?! 선재가 내 인생 가져라",130294,선재 업고 튀어
귀여운 스필버그_135237,2달 전,5.0,시청자들 2009년도로 2024년도로 같이 타임슬립시켜서 과몰입하게 만든다,130294,선재 업고 튀어
문신,2달 전,-,"재미가 없진 않은데 갈수록 여주의 행동들이 극 진행을 위해 이루어지는 느낌이 들어서 많이 답답했다. 1, 2화의 흡입력은 대단해서 그걸 동력으로 끝까지 볼 수 있었다.",130294,선재 업고 튀어
예삼,2달 전,5.0,"아직도 난 선재를 찾아,,",130294,선재 업고 튀어
뭉이,2달 전,5.0,"오랜만에 진짜 역대급 멜로드라마 탄생했다..
정말 재밌고 설레게 봤어요 ❤️",130294,선재 업고 튀어
즐거운_컴버배치_715282,2달 전,3.0,"1990년대 순정만화 급 클리셰를 총망라..

근데 배우들 연기와 연출이 너무 자연스러워서 
뻔하지만 집중해서 보게 된다 대박

김혜윤배우 연기도 잘하지만 볼수록 김지혜씨 닮음ㅋㅋ",130294,선재 업고 튀어
평범한영덕,2달 전,5.0,보는내내 설렘,130294,선재 업고 튀어
별빛작가,2달 전,5.0,"‘류선재’ 라는 이름만 들어도 설레게 된다. 옛날감성의 ost와 설레는 케미, 서사마저도 애틋하다.  이렇게 푹 빠진 드라마는 정말 오랜만인 것 같다. 선재야, 솔아 이제 행복해!",130294,선재 업고 튀어
미래현빈딸,2달 전,5.0,"이 드라마 없었다면 난 변우석을 알지 못했을것 
너무 … 너무 그냥 내 월요일 화요일이 행복했던 
절대 다시는 못나올 드라마같음",130294,선재 업고 튀어
덤덤한_강동원_581610,2달 전,5.0,"내인생 최애의 드라마 봐도봐도 잼있고 작가님과 연출하신 감독님의 섬세한 복선들 배우분들 캐미연기 최고!!
우석님과 혜윤님의  찰떡호흡 선재와 솔이의 서사 잊지못할거같아요 다들 감사",130294,선재 업고 튀어
taek2,2달 전,3.5,뻔한 스토리지만 2000년도의 추억과 뛰어난 연기로 계속 보게 만드메,130294,선재 업고 튀어
앙,18일 전,5.0,1화 펴은 볼만했으나 설정이너무 뻔해보임 이혼변호사가 남편이 바람을,130737,굿파트너
귀여운_영광이_240223,10일 전,3.0,장나라배우가 이렇게나 연기를 잘했구나.. 새삼 감탄 중,130737,굿파트너
코오온,13일 전,5.0,매주 기다리기 너무 힘드네요...장나라 배우님이 너무 좋네요..,130737,굿파트너
안궁금해,15일 전,5.0,"맛있게 맵다 🌶  도파민 싹 도는 드라마 
이혼 변호사 출신 작가님이라 그런지 변론할때 오바하는 장면없이 조근조근 말하는게 인상이 깊음",130737,굿파트너
천마강림,7일 전,4.5,우영우의 대박느낌이 강하게 난다. 장나라 남지현 피오 배우의 그림체가 잘어울리고 얼굴합 보는 재미도 굿. 이것저것 클리셰도 많지만 그래도 주말이 기다려지는 정주행 드라마 !!!!!,130737,굿파트너
발명왕에디,10일 전,2.5,작가가 회사생활을 안 해본 게 분명하다.,130737,굿파트너
봉순이,16일 전,2.5,"뻔한 설정, 뻔한대사, 뻔한전개... 장나라라 보려했는데 2화를 채 못보겠네;; 볼 드라마가 이리 없냐.. 것만 번드르르하게 꾸미는것만 늘었어",130737,굿파트너
럭키비키니시티,10일 전,4.5,고참 스타 변호사와 신참 새내기 변호사와의 의견다툼이 각자의 의견이 다 이해가서 재밌고 이혼이란 이야기랑 법정물이랑 합쳐지니 신선하게 재밌었음. 그리고 배우들이 매력적이라 잼씀,130737,굿파트너
KillerWhale,3일 전,5.0,장나라의 원맨쇼,130737,굿파트너
ㅣㅑㅣㅑㅗ,5일 전,5.0,간만에 본 신선한 영화,130737,굿파트너
벨루가당그니,8일 전,3.5,실제 이혼변호사가 쓴 드라마라 더 재밌는것같다,130737,굿파트너
라쭈,9일 전,5.0,볼 만한 드라마 찾았습니다 ㅎㅎㅎ,130737,굿파트너
삿포로_0112,9일 전,5.0,재밌어요!,130737,굿파트너
도도한_567681,10일 전,4.0,리얼한 내용,130737,굿파트너
기뮨,12일 전,3.0,서사를 쌓고있는데.......,130737,굿파트너
DirtyBaby,15일 전,3.0,굿 '파트너',130737,굿파트너
키네키노,16일 전,3.5,"변호사가 주인공인 드라마는 많았지만, 재판과 변호사의 일상을 이처럼 디테일하게 표현한 드라마는 없었던 것 같다. 분명 현역 변호사의 감수를 받았으리라",130737,굿파트너
스완881201,4달 전,3.0,이런 의사들 판타지죠? 현실에선 못 만나봄,80083,슬기로운 의사생활 시즌 1
싸바,3년 전,2.5,인물의 성취가 끝도 없이 이어지는 못된 드라마,80083,슬기로운 의사생활 시즌 1
승진,4년 전,3.5,이런 의사가 현실에 있는가,80083,슬기로운 의사생활 시즌 1
행복,3달 전,5.0,"하... 그냥 좋아요
다섯 배우 분들의 티키타카까지 완벽합니다
메이킹도 재밌어요",80083,슬기로운 의사생활 시즌 1
crush_on_you,3달 전,4.0,"조정석 능청스럼 귀엽다.
다음시즌 기대",80083,슬기로운 의사생활 시즌 1
도라에몽,3달 전,3.5,메디컬 드라마를 좋아하는 편이라 재밌게 시청함. 밴드 연주 부분도 좋았음.,80083,슬기로운 의사생활 시즌 1
임쥬왕,3달 전,4.0,힐링 오지는 드라마,80083,슬기로운 의사생활 시즌 1
쑥쑤기,3달 전,4.0,울고 웃으며 재밌게 본 드라마,80083,슬기로운 의사생활 시즌 1
포스,8달 전,4.0,슬기로운 시리즈중 최고,80083,슬기로운 의사생활 시즌 1
우울한 디카프리오_135893,일 년 전,5.0,겨울정원 사랑해 헤헤,80083,슬기로운 의사생활 시즌 1
카이로스,일 년 전,4.5,이 세상에 없는 의사들만 있는 판타지 드라마,80083,슬기로운 의사생활 시즌 1
HARU,일 년 전,4.5,타의로 인해 질리게 봐버린 드라마,80083,슬기로운 의사생활 시즌 1
쿠곰라이츠,일 년 전,4.5,편안함 긴박함 즐거움,80083,슬기로운 의사생활 시즌 1
아이민,2년 전,3.0,위로가 필요한 시기에 무난하게 만들어가는 호감의 캐릭터들.,80083,슬기로운 의사생활 시즌 1
PLMT,4년 전,3.5,신원호의 한계,80083,슬기로운 의사생활 시즌 1
즐거운_슈카_434091,16일 전,5.0,최선을 다하겠습니다.,80083,슬기로운 의사생활 시즌 1
새조,25일 전,4.0,1까지만 봐도 충분한 것 같다,80083,슬기로운 의사생활 시즌 1
JackYoda,2달 전,4.0,진심을 담은 따뜻함이기에 결국 마음에 와닿았다,80083,슬기로운 의사생활 시즌 1
량킴,3달 전,3.0,"바 아이스크림 같은 캐릭터성, 하지만 녹아 흐르는 스토리",80083,슬기로운 의사생활 시즌 1
헤리8,3달 전,5.0,뒤늦게 봤는데 의드의 코믹판타지멜로휴머니티👍,80083,슬기로운 의사생활 시즌 1
소나,3달 전,5.0,"말이 필요한가 재미썽

낭닥은 멋뜨러진 의학이면 슬의는 우정과 코미디를 가져간 의학이다.",80083,슬기로운 의사생활 시즌 1
키나이다,5달 전,3.5,의사들이 많이 나오는 동화.,80083,슬기로운 의사생활 시즌 1
한밤의 호랑이,5달 전,3.5,"이렇게 사람좋고 행복하고 잘 풀리는건 판타지에 가깝고 오글거리지만
가끔 마냥 이런 판타지가 땡길 때가 있다.",80083,슬기로운 의사생활 시즌 1
버터오징어,5달 전,4.0,.,80083,슬기로운 의사생활 시즌 1
anyway,5달 전,5.0,현실에 저런 의사가 있다면 얼마나 좋을까,80083,슬기로운 의사생활 시즌 1
씨네마__씨네마286300,5달 전,5.0,의학 드라마인데 사람에 대한  정이 느낀다,80083,슬기로운 의사생활 시즌 1
제이,5달 전,2.0,내스타일은아니었음,80083,슬기로운 의사생활 시즌 1
주원,6달 전,5.0,힐링되고 매우 편안한 드라마였습니다!,80083,슬기로운 의사생활 시즌 1
인간웨이드공명,6달 전,2.5,"이익준이 살린 드라마
에피소드는 너무 뻔했다",80083,슬기로운 의사생활 시즌 1
이브자리,6달 전,5.0,이런 의사 어디 없누.... 당연히 없지 드라마니까,80083,슬기로운 의사생활 시즌 1
윰윰,6달 전,5.0,언제나 봐도 질리지 않는 드라마 인생 드라마,80083,슬기로운 의사생활 시즌 1
gilf007,7달 전,5.0,이들처럼 살고 싶었다. 내 인생은 망쳤다는 걸 더 잘 알게 된 드라마,80083,슬기로운 의사생활 시즌 1
소금,7달 전,2.5,.,80083,슬기로운 의사생활 시즌 1
홍당무🥕,7달 전,5.0,안정원♥장겨울,80083,슬기로운 의사생활 시즌 1
만두,7달 전,5.0,내 인생드 중 하나,80083,슬기로운 의사생활 시즌 1
백수는울지않는다,7달 전,3.5,"보다 낭만적인 의사 드라마. 의학적인 부분보다 환자 한명, 의사 한명의 인간적인 이야기들을 담고 있어 낭만이 있는 드라마 매화 마지막에 나오는 밴드도 한몫했다.",80083,슬기로운 의사생활 시즌 1
seoz,8달 전,5.0,"1988, 슬의생은 n번째 정주행",80083,슬기로운 의사생활 시즌 1
자몽,8달 전,4.0,"의사와 환자, 친구 사이에서 보여주는 사람들이 살아가는 모습",80083,슬기로운 의사생활 시즌 1
다정,8달 전,4.0,판타지이지만 따뜻한 드라마,80083,슬기로운 의사생활 시즌 1
동혀가앙,8달 전,5.0,너무 재밌어서 세번정주행했어요 진짜 꼭 봐야햐요,80083,슬기로운 의사생활 시즌 1
길이야기,8달 전,5.0,"의사분들 이야기만 있는게 아니고 병원에 있는
모든 상황를 현실감 있게 보여준 드라마",80083,슬기로운 의사생활 시즌 1
친절한_엠마스톤_196514,8달 전,5.0,의학드라마중 당연 최고의 드라마,80083,슬기로운 의사생활 시즌 1
멜뮥ㄱㄱㄱㄱ,8달 전,5.0,너무재밌어여,80083,슬기로운 의사생활 시즌 1
Chanzero2,8달 전,5.0,저 이거 정말 재밋게 봤어요~! 이거 보면서 웃기도 하고 울기도 하고 정말 재밋게 봤던거 같아요~!그리고 익준이를 좋아했어요ㅋㅋ,80083,슬기로운 의사생활 시즌 1
주의,9달 전,3.5,따듯하고 편안한 일상물.,80083,슬기로운 의사생활 시즌 1
민짱,9달 전,4.0,의사들이 슬기롭게 살고자 노력하는 드라마🤣,80083,슬기로운 의사생활 시즌 1
조깅,9달 전,4.0,모든 캐릭터에 사람 냄새 나게 하는 것이 드라마적 동력.,80083,슬기로운 의사생활 시즌 1
YM,9달 전,4.5,기분좋아지게 하는 드라마,80083,슬기로운 의사생활 시즌 1
치즈떡볶이,10달 전,3.5,흔하지 않는 메디컬물이었음. 모난 역할 없이 보기 편했던 드라마였지만 매력 포인트였던 밴드 연주가 뒤로 갈수록 조금은 지루했다.,80083,슬기로운 의사생활 시즌 1
Gogossing,10달 전,4.5,"현실에는 존재하지 않는 의사들.
그럼에도 그 잔잔함이 좋아 챙겨보게 되는 묘한 중독성.",80083,슬기로운 의사생활 시즌 1
통후추,10달 전,3.5,"캐릭터들 케미가 미쳤음
스토리는 모르겠고 연기랑 케미보는 재미가 있음",80083,슬기로운 의사생활 시즌 1
다영,10달 전,4.0,시즌1만 보면 딱 좋다,80083,슬기로운 의사생활 시즌 1
승우,10달 전,4.5,가장 한국스러우면서도 가장 진부하지 않게 그려내는 신원호의 슬기로운 연출생활,80083,슬기로운 의사생활 시즌 1
mediashopper,일 년 전,4.0,잔잔하니 좋다,80083,슬기로운 의사생활 시즌 1
이재형,일 년 전,5.0,슬의생 5명의 우정이 너무 보기 좋았다.,80083,슬기로운 의사생활 시즌 1
스큅,일 년 전,3.0,"의사라는 직업을 가진 캐릭터들의 휴먼드라마?
일상적이면서도 한편으로는 이상적인 내용이 스며들어있다.
이익준이 없었다면 끝까지 봤을까?",80083,슬기로운 의사생활 시즌 1
라따뚜이,일 년 전,4.0,"안드레아...너무 귀엽잖아..당신..
+
하 안치홍 선생!!!!!!!!!!!!!",80083,슬기로운 의사생활 시즌 1
카밀레,일 년 전,4.0,.,80083,슬기로운 의사생활 시즌 1
호곰,일 년 전,3.5,다시봐도 재밌는 판타지를 담은 드라마,80083,슬기로운 의사생활 시즌 1
유유26,일 년 전,3.5,현실적이지 않은 의사들의 판타지 드라마,80083,슬기로운 의사생활 시즌 1
WONJUNCOHI,일 년 전,4.0,"힐링 드라마를 좋아하는 사람들에게 너무 좋은.
인생의 시작과 끝이 공존하는 병원의 이야기 최고.
남은 1점은 시즌2를 향한 기대감.",80083,슬기로운 의사생활 시즌 1
재히,일 년 전,5.0,여러 이야기의 응집체,80083,슬기로운 의사생활 시즌 1
숨참고럽다잎,일 년 전,3.5,멋있고 보는 내가 힐링의 시간이었던 것 같다. 인간의 생사가 왔다 갔다 하는 힘든 직업임에도 그 안에서 희망과 재미를 느끼는 모습이 너무 보기 좋았다!,80083,슬기로운 의사생활 시즌 1
Lina,일 년 전,4.5,노래도 딱! 에피소드들도 꼬인거 없이 따뜻하게 진행되는 드라마,80083,슬기로운 의사생활 시즌 1
은똘입니다,일 년 전,5.0,슬기로운 시리즈들은 항상 옳다!!!,80083,슬기로운 의사생활 시즌 1
코튼,일 년 전,3.0,잘할 수 있고 잘할 거야. 시간이 더 필요해서 그래.,80083,슬기로운 의사생활 시즌 1
FinderW_208,일 년 전,4.0,자극적이고 날뛰는 액션만 보다가 힐링하는 느낌. 노래가 좋다,80083,슬기로운 의사생활 시즌 1
Judy Kim,일 년 전,4.5,"편안하고 다양한 맛을 볼수있는 의드
의학물인가 일상힐링물인가",80083,슬기로운 의사생활 시즌 1
엉거이,일 년 전,4.5,"힘들었다. 시즌2를 기다리던 시간이. 가슴이 몽글몽글 했다. 비현실적으로 멋진 의사 선생님들덕에. 그들의 다른 이름이자, 최고의 밴드 99즈의 노래들은 👍(전미도 배우 ㅋㅋㅋ)",80083,슬기로운 의사생활 시즌 1
행복한,일 년 전,5.0,난 아무래도 우정작가님의 팬인듯,80083,슬기로운 의사생활 시즌 1
청월,일 년 전,5.0,"이우정과 그 작가진들의 최고작이라고 할 수 있을듯.
딱히 연출은••",80083,슬기로운 의사생활 시즌 1
우나기,일 년 전,3.5,그레이아나토미에 길들여져서 넘 순박하고 조용한 병원같음... 저는 유연석이요,80083,슬기로운 의사생활 시즌 1
크래커,일 년 전,5.0,내가 정말 좋아하는 작품. 사람 사는 이야기 좋아하면 꼭 봐라!!,80083,슬기로운 의사생활 시즌 1
홀리더라이브,일 년 전,3.5,좀 다른 메디컬 물,80083,슬기로운 의사생활 시즌 1
미상.,일 년 전,3.5,"착한 사람들의, 착한 세상에서 아야기
[2020년. 5월 30일 토요일]",80083,슬기로운 의사생활 시즌 1
뱅뱅뱅,일 년 전,3.5,"적이 없는 드라마
자극적이지 않아 좋다",80083,슬기로운 의사생활 시즌 1
행복한덕후,일 년 전,-,"이렇게 환자생각하는 의사들, 그러면서 권의적이지 안은 좋은 스승 역할, 근데 그 다섯명이 붕알친구. 판타지다. 그치만 생명을 다룬다는 건 그만큼 값지면서도 무거운 거라는걸 보여줌.",80083,슬기로운 의사생활 시즌 1
yeong,일 년 전,3.5,이 드라마를 보는 이유는 세상이 아름답기를 바라는 마음,80083,슬기로운 의사생활 시즌 1
아림,일 년 전,4.0,"누군가는 삶의 시작을, 누군가는 마무리하는 병원에서의 잔잔하면서 다양한 일상들이 그동안 봐왔던 의학드라마와의 큰 차별점이라고 생각한다. 공감과 위로, 감동을 받을 수 있던 드라마!",80083,슬기로운 의사생활 시즌 1
채티,일 년 전,5.0,의학드라마와 힐링드라마의 한 획을 그은 레전드 드라마,80083,슬기로운 의사생활 시즌 1
도이,일 년 전,3.0,"오래된 노래가 여전히 사랑받을 수 있다는 건, 흔한 클리셰도 계속 사랑받을 수 있다는 것.",80083,슬기로운 의사생활 시즌 1
멜로우,일 년 전,3.0,배불러 죽을거 같은데 간병인이 몸에 좋은 거라며 전복죽을 계속 먹입니다. 어떡하죠?,80083,슬기로운 의사생활 시즌 1
곽도훈,일 년 전,4.5,이우정작가는 진짜다,80083,슬기로운 의사생활 시즌 1
YongJo,일 년 전,4.0,.,80083,슬기로운 의사생활 시즌 1
임돌선,일 년 전,3.5,.,80083,슬기로운 의사생활 시즌 1
귀여운 전도연_98379,2년 전,3.0,신원호 이우정이 갖고 있는 보수적 세계관 판타지의 정점.,80083,슬기로운 의사생활 시즌 1
이로운쓰리고,2년 전,4.0,현실에 없을 것 같은 판타지같은 의사 이야기 이지만 그래도 희망적이어서 좋다.,80083,슬기로운 의사생활 시즌 1
긴꿈,2년 전,4.0,.,80083,슬기로운 의사생활 시즌 1
리무진,2년 전,5.0,"앞으로 의사선생님들과 간호사 선생님들께는 무조건 좋은 말만 해야겠다.
마지막 화에서 홍도와 윤복이까지 안 까먹고 챙겨주는 거 굿이다",80083,슬기로운 의사생활 시즌 1
11bx,2년 전,4.5,이런 종류의 드라마는 계속 나와야한다.,80083,슬기로운 의사생활 시즌 1
갱,2년 전,3.5,"어른의 삶은 그리 격정적이지도 특별할 것도 없지만, 세상에 오가는 사람들을 보면서 남아있는 소중한 사람들을 지키는 것만으로도 충만하다고.",80083,슬기로운 의사생활 시즌 1
곧 완료,2년 전,4.0,힐링 드라마,80083,슬기로운 의사생활 시즌 1
팬더는 집돌이,2년 전,4.0,슬프다가도 미소짓게 만드는 드라마.,80083,슬기로운 의사생활 시즌 1
vivre_sa_vie,2년 전,4.0,"빌런은 등장하지 않는, 세상 무해하고 어쩌면 비현실적인 이야기들이 보고 싶었다. 그래서 좀 엉성하고 작위적이고 밴드…는 오글거려도 울고 웃으며 재미있게 봤다.",80083,슬기로운 의사생활 시즌 1
todaywriter__,2년 전,3.0,"대사나 내용에서 느껴지는 신중함이 돋보인다고 생각한다.
다만 주인공이 5명이나 되니까, 다소는 버겁다. 
멜로 라인도 지나치게 많다는 생각도 든다.",80083,슬기로운 의사생활 시즌 1
초리,2년 전,5.0,희로애락 그잡채,80083,슬기로운 의사생활 시즌 1
nemo,2년 전,4.5,평화로운 힐링 드라마,80083,슬기로운 의사생활 시즌 1
지나가는 개복치,2년 전,3.0,낭만적인 의사들로 빌런 없이 마음 편히 보게 하는 가상의 공간. 그치만 회당 어그로는 모두 불륜부터 그동안의 막장 소재로 끈다는 점이 흥미로웠음,80083,슬기로운 의사생활 시즌 1
딩가딩가,2년 전,5.0,여기 주인공들 다 좋아하는 배우들 안 볼 이유 있나,80083,슬기로운 의사생활 시즌 1
조재선,2년 전,3.0,소소한 재미,80083,슬기로운 의사생활 시즌 1
화봉,2년 전,-,오리지널리티를 추구하고 싶은 마음이 눈꼽만큼도 없는 시리즈,80083,슬기로운 의사생활 시즌 1
챌챎,2년 전,5.0,가볍게 보기 좋고 재밌었던 드라마,80083,슬기로운 의사생활 시즌 1
MING,2년 전,4.0,"레지가 교수님한테 사랑에 빠지는거 빼곤 완벽해

2020.04.01 ~ 2020.05.28 tvN & 넷플릭스 관람",80083,슬기로운 의사생활 시즌 1
겨울달,2년 전,4.0,사람 사는 소소한 이야기… 하지만 내겐 판타지다. 그렇게 봤다.,80083,슬기로운 의사생활 시즌 1
우뿌,2년 전,4.5,캐릭터들이 너무 판타지적이지만 요즘 시대에 너무나도 필요한 사람들,80083,슬기로운 의사생활 시즌 1
SY,2년 전,3.5,99년 그들의 모습 그대로를 꿈꾸는 판타지.,80083,슬기로운 의사생활 시즌 1
콩콩이,2년 전,3.5,"음악과 의사, 환자와 의사, 의사와 의사... 그리고 가족",80083,슬기로운 의사생활 시즌 1
코카콜라,2년 전,5.0,시즌3만 나오면 완벽함 난 아직 떠나보낼 생각 없다.,80083,슬기로운 의사생활 시즌 1
자연,2년 전,-,우리에게 왜 전 생애걸쳐 친구가 필요한지를 보여준다,80083,슬기로운 의사생활 시즌 1
llama,3년 전,4.0,우리를 위한 시트콤 드라마.,80083,슬기로운 의사생활 시즌 1
써니,3년 전,3.5,자극적인 드라마들 사이에서 사람냄새나는 드라마,80083,슬기로운 의사생활 시즌 1
선우,3년 전,3.0,"한없이 맑은 긍정으로 가득 찬 세계관. 잠깐의 갈등도 결국 선의의 따뜻함으로 녹여내고야 마는, 인체에 무해한 드라마. <남자 셋 여자 셋>류 시트콤과 전통적인 드라마의 가운데랄까.",80083,슬기로운 의사생활 시즌 1
유진초이,3년 전,5.0,비현실적이라는 생각이 들긴하지만 미운 캐릭터가 단 한 명도 나오지 않아 힐링할 수 있는 드라마,80083,슬기로운 의사생활 시즌 1
저가영화잘안봄,3년 전,4.0,아 ㅡㅡ 왜 그렇게 끝나,80083,슬기로운 의사생활 시즌 1
까란티노,3년 전,2.0,다 좋았는데 막판 급러브라인 폭발 무엇?,80083,슬기로운 의사생활 시즌 1
캐즈,3년 전,3.0,"재밌지만, 의사예찬이 너무 심하잖아",80083,슬기로운 의사생활 시즌 1
계수Gyesu,3년 전,3.0,의사생활만으로도 충분히 재밌게 할 수 있다.,80083,슬기로운 의사생활 시즌 1
검은우유,3년 전,3.0,"킬링 타임용
현실성은 조금 없음",80083,슬기로운 의사생활 시즌 1
yoon,3년 전,5.0,마음이 몽글몽글,80083,슬기로운 의사생활 시즌 1
햇볕은쨍쨍,4년 전,4.0,다음 회가 궁금해..,80083,슬기로운 의사생활 시즌 1
이슬찬,4년 전,4.5,매주 기다려 가면서 봤다,80083,슬기로운 의사생활 시즌 1
우최뿌,4년 전,3.0,뻔하고 예측가능하지만 계속보게된다. 그게 이 드라마의 매력아닐까. 정신을 치유해주는 병원물.,80083,슬기로운 의사생활 시즌 1
초초네집,4년 전,0.5,노잼,80083,슬기로운 의사생활 시즌 1
희망,4년 전,5.0,"생명,눈물,우정,사랑 그 모든 걸 담은 드라마",80083,슬기로운 의사생활 시즌 1
유용,4년 전,5.0,다음시즌 언제나오죠 제발 매년 만들어주심 안되나요,80083,슬기로운 의사생활 시즌 1
멋쟁이토마토,4년 전,5.0,마음이 따뜻해지는 드라마 울기도 많이 울었지만 웃기도 많이 웃었음,80083,슬기로운 의사생활 시즌 1
.,4년 전,5.0,.,80083,슬기로운 의사생활 시즌 1
신을사랑한니체,4년 전,4.0,<슬기로운 의사생활>을 슬기롭게 감상하는 법,80083,슬기로운 의사생활 시즌 1
라우브,4년 전,5.0,흥미진진하고 감동있는 스토리를 드라마로 엮어내는 극중 의사들이 치과의사인 내가 보기에도 멋져 보였다. 그러면서 한편으로 과연 나의 치과생활엔 저런 인간미 넘치는 에피소드,80083,슬기로운 의사생활 시즌 1
까칠한 마고로비_41523,4년 전,-,ㅇ,80083,슬기로운 의사생활 시즌 1
정현,4년 전,5.0,"친구들의 케미가 좋다
은은하게 슥 들어온 드라마
송화쌤 목소리 들려줘요!!?",80083,슬기로운 의사생활 시즌 1
상냥한 전도연_20964,4년 전,5.0,대유잼,80083,슬기로운 의사생활 시즌 1
hopeop0810,4년 전,4.5,갑수형님이 끝까지 살아계시다니,80083,슬기로운 의사생활 시즌 1
초,4년 전,4.0,러브라인은 좀 아쉬운 점이 많았지만 울고 웃고 하는 포인트들이 강렬해서 좋았다.,80083,슬기로운 의사생활 시즌 1
조절,4년 전,5.0,인생작,80083,슬기로운 의사생활 시즌 1
도도한 송강호_38989,4년 전,5.0,"믿고보는 슬기로운 시리즈!!!
누구하나 치우치지않고 균형있게 재미있는 드라마",80083,슬기로운 의사생활 시즌 1
황하나,4년 전,4.5,시즌2 빨리~,80083,슬기로운 의사생활 시즌 1
정수아,4년 전,5.0,재미있었은,80083,슬기로운 의사생활 시즌 1
사샤,4년 전,2.5,솔직히 난 ㅂㄹ,80083,슬기로운 의사생활 시즌 1
violet****,4년 전,5.0,인생작 중 하나 시즌2 언제나와 ㅠ,80083,슬기로운 의사생활 시즌 1
도도한 전도연_21464,4년 전,5.0,그냥 인간사는 이야기 감동을 주는 드라마,80083,슬기로운 의사생활 시즌 1
김현웅,4년 전,5.0,최고에요,80083,슬기로운 의사생활 시즌 1
마루누나는영화쟁이,4년 전,5.0,ㅎㅎㅎ 너무 재밌어용 ??,80083,슬기로운 의사생활 시즌 1
mmm,4년 전,0.5,난잡,80083,슬기로운 의사생활 시즌 1
iam,4년 전,5.0,멈출 수가 없다,80083,슬기로운 의사생활 시즌 1
CaffeMocha,4년 전,5.0,현재 내 인생 최공의 드라마,80083,슬기로운 의사생활 시즌 1
발랄한 디카프리오_27854,4년 전,5.0,"한편한편 열심히 보고, 다시 돌려본 드라마
다음편이 너무 기다려지는 드라마
강추!",80083,슬기로운 의사생활 시즌 1
초코먹자,4년 전,3.0,재미는 있는데.. 왜인지 보다말음,80083,슬기로운 의사생활 시즌 1
우럭짱,4년 전,5.0,재밌어요,80083,슬기로운 의사생활 시즌 1
발랄한 스필버그_33494,4년 전,5.0,최고예요 시즌2를 기다립니다,80083,슬기로운 의사생활 시즌 1
VIN_XEN,4년 전,4.5,몇번을 돌려봐도 재밌고 시즌2 기다려짐,80083,슬기로운 의사생활 시즌 1
얼킨,4년 전,4.5,스트레스 받지 않는 담백하고 소소한 힐링 드라마,80083,슬기로운 의사생활 시즌 1
쫀득 초코칩,4년 전,5.0,의학드라마 잘 안봤는데 유일하게 다 챙겨보고 노래도 최고라서 자주 듣는데 시즌2가 기대되는 작품,80083,슬기로운 의사생활 시즌 1
김성섭,4년 전,4.5,"조정석이 다했다
행복하다",80083,슬기로운 의사생활 시즌 1
도도한 타란티노_25833,4년 전,5.0,뱁새언니... 나죽어...,80083,슬기로운 의사생활 시즌 1
토이킷,4년 전,4.0,슬기로운 의사들의 연애생활,80083,슬기로운 의사생활 시즌 1
가은이는사람,4년 전,5.0,그냥 긴말 필요없이 안본사람 때리고싶을 정도로 존잼... 까메오로 나오는 배우들까지도 연기가 완벽한 드라마.. 주연으로 나오는 배우들 캐스팅부터 전체적인 디테일까지 완벽 그 자체,80083,슬기로운 의사생활 시즌 1
기모현,4년 전,4.0,"기존 드라마 문법에서 벗어난 연출이 돋보이는 드라마
대부분의 떡밥을 회수하지 않고 다음 시즌으로 넘긴건 좀 아쉽다",80083,슬기로운 의사생활 시즌 1
성윤호,4년 전,4.5,정말 웃으면서  보게 되는 따뜻한 드라마넹ㆍ,80083,슬기로운 의사생활 시즌 1
8017,4년 전,-,q,80083,슬기로운 의사생활 시즌 1
쁘띠겸쭤,4달 전,3.5,겨울만 되면 생각나는 이야기.  서브커플에 마음 찢기고 메인커플에 눈물콧물 빼던 그날의 겨울로 돌아가는 OST. 역시 잘되는 드라마는 OST가 좋다.,79978,쓸쓸하고 찬란하神: 도깨비
주이지,4달 전,5.0,지금도 한번씩 찾아보는 최애 들마중 하나. 우리의 영원한 도깨비,79978,쓸쓸하고 찬란하神: 도깨비
LAON,5달 전,5.0,"하 너무 갓벽한 작품. 판타지 별로 안좋아하는데,
보는 내내 행복하게 만든 작품
OST까지 갓벽👍👍",79978,쓸쓸하고 찬란하神: 도깨비
오땅,5달 전,5.0,인생드라마. 아직도 종종 보는 드라마. 사랑해요.,79978,쓸쓸하고 찬란하神: 도깨비
옹미앙드미앙,3년 전,5.0,메인 커플보다 서브 커플이 더 마음에 남은 이야기.,79978,쓸쓸하고 찬란하神: 도깨비
임박사,3달 전,5.0,어휴 말해뭐해 주인공 세명 비쥬얼부터가 이미 별 5개임... 결말을 향할수록 시청자 입장에서 아쉬운게 있긴 했지만...,79978,쓸쓸하고 찬란하神: 도깨비
두둥탁,6달 전,4.5,기년이 흘러도 언제나 겨울만 되면 첫눈으로 올 드라마.,79978,쓸쓸하고 찬란하神: 도깨비
그림소리,4년 전,4.0,"판타지, 러브 코미디 그리고 슬픈 비극까지 한국 드라마의 최고치.",79978,쓸쓸하고 찬란하神: 도깨비
crush_on_you,3달 전,4.5,"아직도 크러쉬의 뷰티풀을 들으면서 설레인다.
공유 김고은 이동욱 유인나 
모두 더할나위없이 좋았다",79978,쓸쓸하고 찬란하神: 도깨비
❤️땡깡100단❤️,일 년 전,5.0,"내인생에도 신이 머물다가는 순간이 있길 바라며~~
너무재미있게본드라마
대사도 좋고~배우님들 연기도 너무좋고 코믹한요소들도 딱 내스타일인 내 최애드라마중 하나^^",79978,쓸쓸하고 찬란하神: 도깨비
선호하는편,일 년 전,4.5,종영 후에도 10번 넘게 본 띵작.. 어설프지 않은 CG 덕분에 과몰입 가능한 도깨비 월드,79978,쓸쓸하고 찬란하神: 도깨비
단답맨,일 년 전,3.5,사람들이 많이보는덴 이유가있지,79978,쓸쓸하고 찬란하神: 도깨비
임쥬왕,3달 전,5.0,겨울마다 생각나는 드라마,79978,쓸쓸하고 찬란하神: 도깨비
숲,3달 전,5.0,역시 김은숙 작가님!,79978,쓸쓸하고 찬란하神: 도깨비
깜찍한_윤여정_153233,3달 전,4.0,겨울엔 도깨비,79978,쓸쓸하고 찬란하神: 도깨비
클로버,4달 전,4.0,겨울의 시작을 함께하는 드라마,79978,쓸쓸하고 찬란하神: 도깨비
밑 빠진 독,6달 전,4.0,"쓸쓸하지 않도록 일상 속에 숨어있는 판타지를 알려준다. 완벽한 하루도 엉망인 하루도 감사함이자 위로가 될 수 있고, 갑작스러운 비 소식도 누군가에겐 기적이라고 생각할 수 있게.",79978,쓸쓸하고 찬란하神: 도깨비
행복해,9달 전,5.0,배우분들의 연기력 스토리 OST 뭐 하나 빠지지 않는 드라마!,79978,쓸쓸하고 찬란하神: 도깨비
상남자,일 년 전,-,공유 잘생김,79978,쓸쓸하고 찬란하神: 도깨비
피터팬증후군,일 년 전,5.0,김은숙이 대상 받는 이유!,79978,쓸쓸하고 찬란하神: 도깨비
궁금한_제이알,일 년 전,5.0,"몇번을 봐도
몇년이 지나도
추천작입니다.",79978,쓸쓸하고 찬란하神: 도깨비
쿠곰라이츠,2년 전,5.0,내 인생을 채워준 드라마,79978,쓸쓸하고 찬란하神: 도깨비
나니나니 지나니,2년 전,5.0,단풍잎,79978,쓸쓸하고 찬란하神: 도깨비
waterhuman,3일 전,5.0,"도깨비를 처음으로 드라마를 제대로 보고나서 이후에 보는 어떤 작품들도 ""도깨비보다는 별로네, 아쉽다"" 를 말하면서 가족들과 본 모든 작품들이 비교당하는 드라마.",79978,쓸쓸하고 찬란하神: 도깨비
귀여운_차은우_253278,18일 전,5.0,봐도봐도 재밌다.,79978,쓸쓸하고 찬란하神: 도깨비
NOVA,21일 전,5.0,"개인적으로 김은숙 작가님의 시대를 연 드라마.
태양의 후예도 대단했으나 남녀노소를 아울러 입지를 단단히 굳혀준, 마음 울리고 귀와 눈을 즐겁게 한 드라마!",79978,쓸쓸하고 찬란하神: 도깨비
칵투스,한 달 전,4.0,공유와 이동욱이 걸어나오는 씬은 드라마사에 길이 남을 명장면 아닌가요,79978,쓸쓸하고 찬란하神: 도깨비
아스타르테,한 달 전,3.5,한참 뒤에 봐서 조금 오글거리는 장면도 있었지만 그래도 뭐~,79978,쓸쓸하고 찬란하神: 도깨비
타란티노존버중,한 달 전,3.5,사랑해요 김고은,79978,쓸쓸하고 찬란하神: 도깨비
둥둥,2달 전,4.5,그래봤자 판타지지 팔짱끼며 연출이나 스토리라인만 까내리는 극 현실주의자도 칼 뽑히고 눈물이 나왔다. 그만큼 탄탄하게 빠져들게하는 배우들의 열연과 김은숙 작가의 필력,79978,쓸쓸하고 찬란하神: 도깨비
새침한_아이유_609867,2달 전,4.0,.,79978,쓸쓸하고 찬란하神: 도깨비
샤베트,3달 전,4.0,"""드라마""라는 네이밍이 가장 잘맞는다",79978,쓸쓸하고 찬란하神: 도깨비
소나,3달 전,5.0,후반부 스토리 빼고는 스토리도 너무 재밌다. 김은숙 작가의 재미있는 대사들은 여러번 재탕해도 역시 재밌다...  갓은숙,79978,쓸쓸하고 찬란하神: 도깨비
끄적끄적,3달 전,5.0,찬란하고 쓸쓸한 신 도깨비와 도깨비 신부의 찬란하고도 슬픈 사랑.,79978,쓸쓸하고 찬란하神: 도깨비
오하루,3달 전,5.0,"ost를 듣는 순간, 모든 장면을 떠올릴 만큼 깊게 각인된 드라마",79978,쓸쓸하고 찬란하神: 도깨비
도도칩,3달 전,3.5,"겨울을 대표하는 드라마라 해도 과언이 아님 
몇번을 봐도 재밌는 드라마",79978,쓸쓸하고 찬란하神: 도깨비
베벵,3달 전,3.5,"판타지 , 코미디 , 사랑의 비극, 감동 주었던 드라마 저승이랑 도깨비 다 잘생기심... 생각날때마다 보게 만드는 드라마",79978,쓸쓸하고 찬란하神: 도깨비
친절한_아이브_283880,3달 전,5.0,대체불가한 명작! 스토리와 캐릭터 서사 모두 좋았던 작품,79978,쓸쓸하고 찬란하神: 도깨비
발랄한 송강호_51241,4달 전,5.0,2024년. N회차를 넘어서 아직도 본다. 난 이 드라마를.,79978,쓸쓸하고 찬란하神: 도깨비
신남정,4달 전,1.5,.,79978,쓸쓸하고 찬란하神: 도깨비
makehappybb,4달 전,5.0,"겨울만 되면 생각나는 드라마, 언제봐도 질리지 않는 드라마 제목같이 쓸쓸하고도 가슴따뜻함 아련함을 잊을 수가 없다",79978,쓸쓸하고 찬란하神: 도깨비
쿵푸팬더~.*,4달 전,5.0,가슴 시리게 아프고 뭉클하게 슬픈 사랑 이야기. (1~16화),79978,쓸쓸하고 찬란하神: 도깨비
옥지,5달 전,3.0,공유때문에 봤다,79978,쓸쓸하고 찬란하神: 도깨비
길이야기,5달 전,4.5,겨울되면 보고싶은 드라마,79978,쓸쓸하고 찬란하神: 도깨비
유콘갓준,5달 전,5.0,저승이 너무 머싯어❤️❤️❤️ 실제로 저승이가 저렇게 머싯다면 따라갈수도 있을 것 같은 느낌이랄까여.?ㅜㅜㅋㅋㅋ,79978,쓸쓸하고 찬란하神: 도깨비
즐거운_송강호_551877,5달 전,5.0,"감동적이고, 재밌는 장면을 연출 하시니, 더 재밌고 열심히 하신게 느껴지는것 같습니다.
잘봤습니다! ~",79978,쓸쓸하고 찬란하神: 도깨비
침착한_컴버배치_264460,5달 전,5.0,"애틋하고 설레고 슬프고,,, 안 좋아 할수가 없는걸..!",79978,쓸쓸하고 찬란하神: 도깨비
레모하나,5달 전,5.0,유명한 작품에는 이유가 있다. 아직 다시 봐도 너무 재미있다,79978,쓸쓸하고 찬란하神: 도깨비
미래현빈딸,6달 전,5.0,"내 인생 최고의 드라마… 
대사 하나하나가 다 명대사고 아껴보고 싶다",79978,쓸쓸하고 찬란하神: 도깨비
메키케키,6달 전,4.0,밝지만 아련한 분위기 속에 등장하는 모든 캐릭터와 서사가 돋보인다. tvN 드라마를 다시 보기 시작한 모든 요소가 찬란한 최고의 드라마,79978,쓸쓸하고 찬란하神: 도깨비
깜찍한_샤이니_388757,6달 전,4.0,역시 유명한건 이유가 있어요. 스토리와 인물들도 좋지만 대사들이 다 넘 예쁘고 여운이 남고 인상적이었어요,79978,쓸쓸하고 찬란하神: 도깨비
아실,7달 전,4.0,결말의 여주 운명에 너무너무 동감하지 못하여 다시 보기가 꺼려질 정도ᆢ마지막화를 빼면 내게 완벽한 드라마였다. 특히 공유ᆢ 최고의 캐스팅.,79978,쓸쓸하고 찬란하神: 도깨비
알찬,7달 전,5.0,매년 겨울 그리워지는 작품,79978,쓸쓸하고 찬란하神: 도깨비
revive,7달 전,5.0,"시작과 끝이라는 자연의 한계와 한정된 시간 안에서 느끼는 인간 감정의 폭을, 불멸이라는 판타지로 뛰어넘은 도깨비의 슬픈 사랑",79978,쓸쓸하고 찬란하神: 도깨비
펀펀무비,7달 전,5.0,내 최애드라마 중에 하나,79978,쓸쓸하고 찬란하神: 도깨비
친절한_김혜수_740950,7달 전,5.0,"보기 전까지는 여주인공 미스캐스팅이라고 생각해서 보기 싫었는데, 보고 나서는 완벽한 캐스팅이었음을 인정하게 되었다. 내 스타일이라 +0.5점",79978,쓸쓸하고 찬란하神: 도깨비
김태영,7달 전,4.5,김은숙 작가의 다음작품을 기대하게 했던 첫 작품.,79978,쓸쓸하고 찬란하神: 도깨비
민짱,7달 전,4.5,너무 뻔한 로맨스 판타지인데도 사랑에 빠지게 만드는 플롯과 배우들의 연기.,79978,쓸쓸하고 찬란하神: 도깨비
땅콩이,8달 전,5.0,겨울만 되면 생각나는 드라마에여ㅜㅜ,79978,쓸쓸하고 찬란하神: 도깨비
fromljs,8달 전,4.0,"오래된 작품인데 재미있네요
인기작엔 이유가 있음
좀오글거려도 괜찮았음",79978,쓸쓸하고 찬란하神: 도깨비
당첨플리즈,8달 전,4.5,2회차로 봐도 질리지 않았습니다 도깨비와 함께한 모든 순간이 찬란했네요🥹,79978,쓸쓸하고 찬란하神: 도깨비
친절한냐냐,8달 전,5.0,모든게 찬란하게 아름다웠던  드라마 특히 공유 이동욱 케미가 최고👍 파국이다~~그치마 드라마는 파국이 아닌. 도깨비와 저승사자 이야기,79978,쓸쓸하고 찬란하神: 도깨비
팝콘,8달 전,5.0,레전드 드라마,79978,쓸쓸하고 찬란하神: 도깨비
예민한_강동원_118123,8달 전,4.5,내가 사랑한 도깨비,79978,쓸쓸하고 찬란하神: 도깨비
궁금한_크리스토퍼_538311,8달 전,5.0,"도깨비에 대한 우리의 선입견을 깬
겁나 잘생긴 도깨비 꺄악~
나의 인생이 지하10층 밑바닥이라면
조금의 기대.희망.뭐 그런것좀 가져볼까 ㅎ
여주는 이 작품을 위해 태어났나..찰떡",79978,쓸쓸하고 찬란하神: 도깨비
싹싹한_레이놀즈_572277,8달 전,No rating,사실 내용을 알고있어서 전체적으로 정주행한지 얼마 안됐는데 진짜 왜 유명한 드라마인지 6년이나 지났는데 아직도 왜 인기가 있는지 알겠는 드라마였다,79978,쓸쓸하고 찬란하神: 도깨비
포스,8달 전,4.0,오글 살짝있지만 명작,79978,쓸쓸하고 찬란하神: 도깨비
친절한_브래드피트_331182,9달 전,5.0,봐도봐도 계속 더 보고싶은 명작입니다,79978,쓸쓸하고 찬란하神: 도깨비
백수는울지않는다,9달 전,3.5,"조금 오그라드는 대사가 있긴 했지만 서사와 배우들의 연기, 케미들이 매우 좋았다. 특히 풍경과 소품을 잘썼던 드라마.",79978,쓸쓸하고 찬란하神: 도깨비
어바웃타임,9달 전,4.5,캐릭터들의 캐미가 돋보여서 볼 때마다 재밌다. 희안하게 봐도 봐도 질리지가 않는다. 사랑해요🫶,79978,쓸쓸하고 찬란하神: 도깨비
주의,9달 전,4.5,천년만년 가는 슬픈 사랑이란... 대사 하나하나가 인상 깊다. 기억에 남는 요소들이 많은 드라마.,79978,쓸쓸하고 찬란하神: 도깨비
조깅,9달 전,3.5,"잎사귀가 화려하고 다른 것 같은데, 가만 보니 큰 줄기는 옛 것과 같다.",79978,쓸쓸하고 찬란하神: 도깨비
화가난_크리스토퍼_769758,9달 전,5.0,진짜 거짓말 안하고 지금도 가끔 다시 보고 그냥 대사 달달 외울만큼 봤어요!정말 재밌습니다!!!,79978,쓸쓸하고 찬란하神: 도깨비
청록이,9달 전,4.0,누군가는 유치하다 하겠지만 귀여운 상상과 더 귀여운 김고은과 너무 멋진 남자배우들 가끔 클립으로 바도 재밌는 드라마,79978,쓸쓸하고 찬란하神: 도깨비
오레오레오,9달 전,5.0,겨울만 되면 생각나는 드라마,79978,쓸쓸하고 찬란하神: 도깨비
윰윰,9달 전,5.0,재미있게 봤던 드라마,79978,쓸쓸하고 찬란하神: 도깨비
초록이,9달 전,5.0,몇번을 봐도 재밌어요♡,79978,쓸쓸하고 찬란하神: 도깨비
캔디,9달 전,5.0,도깨비 계절이 왔네요 ...,79978,쓸쓸하고 찬란하神: 도깨비
duda,9달 전,5.0,겨울이 되면 여지없이 생각나는 겨울의 한 조각과도 같은 드라마다. 900년 전 고려로부터 시작되는 서사가 아름답다,79978,쓸쓸하고 찬란하神: 도깨비
신나는거없나0925,9달 전,2.5,"아휴...난 오글거려서 보는게 힘들었다. 몰입도 안 되고...검이나 도깨비 설정은 뭐 그런데 사람들이 설레었다는 포인트가 난 오글거리는 게. 김순옥, 김은숙, 김은희 3명은 똑같.",79978,쓸쓸하고 찬란하神: 도깨비
Gogossing,9달 전,4.5,"너와 함께한 모든 시간들이 눈부셨다. 날이 좋아서, 날이 좋지 않아서, 날이 적당해서, 모든 날이 좋았다. 이 드라마도 그랬다.",79978,쓸쓸하고 찬란하神: 도깨비
며닝콜,9달 전,5.0,다가오는 겨울에는 도깨비를 봐야 직성이 풀린다.,79978,쓸쓸하고 찬란하神: 도깨비
궁금한_김혜수_723424,10달 전,5.0,환생을 이어 과거와 현재 미래를 연결하며 더 나은 세상을 위해 현재를 잊어간다.,79978,쓸쓸하고 찬란하神: 도깨비
통후추,10달 전,4.0,저승이 못 보내..,79978,쓸쓸하고 찬란하神: 도깨비
영화적허용,10달 전,5.0,도깨비는 평생을 쓸쓸하고 찬란하지 않을까?,79978,쓸쓸하고 찬란하神: 도깨비
치피치피,10달 전,3.5,마무리는 아쉽지만 여운은 남는다,79978,쓸쓸하고 찬란하神: 도깨비
김율,10달 전,4.0,재밌다,79978,쓸쓸하고 찬란하神: 도깨비
승우,10달 전,4.0,.,79978,쓸쓸하고 찬란하神: 도깨비
라온,10달 전,4.5,"중학교때 봤던 작품인데 너무 재밌게 봤다
대사 하나하나가 너무 좋았다
완성도가 굉장히 높은작품
연기도 너무좋고 배우캐스팅도 좋았다
다른사람들에게도추천하고싶다",79978,쓸쓸하고 찬란하神: 도깨비
달리는땅콩,10달 전,5.0,몇년이 지나도 너무 재미있고 잊혀지지 않는 드라마예요💕💕💕,79978,쓸쓸하고 찬란하神: 도깨비
rone00,일 년 전,4.5,시간이 많이 흘렀지만 다시봐도 설레이는 드라마! 각각의 캐릭터 주인공들이 정말 찰떡! ost 음악만 들려도 주님주 배우님 안개석 등장 장면은 앞으로 계속 생각날듯 😊,79978,쓸쓸하고 찬란하神: 도깨비
무비베어,일 년 전,3.5,"쓸쓸하지만 단란했고
찬란하면서 눈이 부시게 아름다웠던",79978,쓸쓸하고 찬란하神: 도깨비
고고한_강동원,일 년 전,5.0,"전생, 운명, 신에 대해 다시 한번 생각해 보게 되는 드라마.",79978,쓸쓸하고 찬란하神: 도깨비
고고한_이병헌_960883,일 년 전,5.0,"코믹과 슬픔, 로맨스, 감동이 서로 공존하는 완벽한 드라마",79978,쓸쓸하고 찬란하神: 도깨비
블루마운틴향기,일 년 전,5.0,"언제 봐도 늘 새롭고 재밌고 슬퍼서 엉엉 우는 드라마.
죽을 때까지 보고 싶네요.",79978,쓸쓸하고 찬란하神: 도깨비
즐거운_윤여정_396718,일 년 전,5.0,인생작,79978,쓸쓸하고 찬란하神: 도깨비
뜨눈,일 년 전,5.0,"코믹 판타지 로맨스인데 너무 유치하거나 연기력 떨어지면 팍 식고 보기 싫어지는 분들
이건 재밌어요",79978,쓸쓸하고 찬란하神: 도깨비
영드보는감자,일 년 전,4.5,"탄탄한 서사, 풍부한 연출, 배우들의 연기 어느하나 빠짐없이 채워 담은 드라마. 겨울엔 꼭 생각나는 드라마.",79978,쓸쓸하고 찬란하神: 도깨비
유유26,일 년 전,5.0,"인생작 중 하나
아직도 김고은 배우님의 아저씨, 사랑해요 대사가 잊혀지지 않는다!",79978,쓸쓸하고 찬란하神: 도깨비
Lina,일 년 전,4.0,"저승사자 이동욱과 도깨비 공유의 비주얼이 어마무시해서 그 당시에도 이슈가 되었고.
캐나다 단풍국이 주는 이국적인 모습, 가을이 주는 그 쓸쓸함까지 완벽했다.",79978,쓸쓸하고 찬란하神: 도깨비
드라마진심녀,일 년 전,5.0,"최고 시청률이 20.5%인 이유가 있는 드라마.
도깨비를 2~3번 봤지만 볼때마다 많이 울었던 드라마이다.
사람들이 이 드라마를 많이 본다고 해서 봤는데
그럴만한 이유가 있었다.",79978,쓸쓸하고 찬란하神: 도깨비
덤덤한_윤여정_778563,일 년 전,3.0,뭐에 홀렸던 건지 도깨비 보겠다고 학원 끝나고 미친듯이 집으로 달려갔던 기억이 난다,79978,쓸쓸하고 찬란하神: 도깨비
숨참고럽다잎,일 년 전,4.5,겨울이 오면 매번 보는 드라마 중 하나임. 연출이 그냥 미쳤다… ㅠㅠ 이걸 안 봐? 이 역대급 스토리의 서사와 배우들의 흠잡을 곳 없는 연기력이 이 안에 있는데!!!!,79978,쓸쓸하고 찬란하神: 도깨비
도리도리,일 년 전,5.0,보고 또 봐도 질리지 않는 명작. 한 장면도 놓칠 수 없었다,79978,쓸쓸하고 찬란하神: 도깨비
화가난_레이놀즈_430436,일 년 전,4.5,"이 드라마가 나왔을 당시 애들사이에서도 유명했다.
하지만 난 보지 않았다. 몇 년이 지나고 이 드라마를 보게되었는데, 너무 재밌었다.
도께비와 도께비 신부, 신박한 케릭터 설정",79978,쓸쓸하고 찬란하神: 도깨비
깜찍춘식,일 년 전,5.0,내용을 다 외울 정도로 돌려봐도 캐스팅과 연기 전개 모두 완벽했던 드라마,79978,쓸쓸하고 찬란하神: 도깨비
빵빵한오늘,일 년 전,5.0,몇번을 봐도 세련되고 재미있음,79978,쓸쓸하고 찬란하神: 도깨비
궁금한_레이놀즈_110790,일 년 전,5.0,왜 이제봤나 싶은 드라마,79978,쓸쓸하고 찬란하神: 도깨비
은똘입니다,일 년 전,5.0,이 세상 어딘가에 있을듯한 이야기. 너무나 아름답고 슬픈 이야기,79978,쓸쓸하고 찬란하神: 도깨비
자연형인간,일 년 전,5.0,유머 감성 주제 연기 연출 모든것에서 완성된 인생 드라마,79978,쓸쓸하고 찬란하神: 도깨비
행복한_K컬쳐,일 년 전,5.0,"왜 김은숙인지 알게 해준 드라마. 작가, 연출, 배우의 3박자가 잘 맞은 드라마. 김고은의 발견, 공유의 인생작이 된 드라마. 시간이 지난 지금 다시봐도 재밌다.",79978,쓸쓸하고 찬란하神: 도깨비
고고한_158502,일 년 전,4.5,한 세편정도는? 필요가 없다는 생각이 들지만 정말 재밌던 드라마,79978,쓸쓸하고 찬란하神: 도깨비
깜찍한_브래드피트_933723,일 년 전,5.0,공유 배우님의 커피프린스 드라마 재정주행할만큼 팬인데요 역시나 도깨비라는 드라마도 지금까지  재정주행 할만큼 너무 좋아하는 드라마입니다 김은숙 작가님의 작품들은 다 왕추천!:),79978,쓸쓸하고 찬란하神: 도깨비
엉거이,일 년 전,5.0,"또 하나의 웰메이드 판타지 로맨스. 딱딱 필요할때 웃기고, 울리고, 감동을 주는 타이밍의 밸런스가 매우 영리하다. 작가의 필력이 보는 내내 느껴지는 아주 똘망지고 요망하신 이야기.",79978,쓸쓸하고 찬란하神: 도깨비
🥔 에 🌱 이 나서,일 년 전,4.5,진짜 찬란했다...!,79978,쓸쓸하고 찬란하神: 도깨비
무빙광,일 년 전,4.0,"날이 좋아서, 날이 좋지 않아서, 날이 적당해서.
모든 날이 좋았다. 복선 너 마저도.",79978,쓸쓸하고 찬란하神: 도깨비
생각이자주바뀌는사람,일 년 전,3.5,일룸사장공유쵝오,79978,쓸쓸하고 찬란하神: 도깨비
서초동 물주먹,일 년 전,4.5,도깨비만큼 정주행한 드라마가 또 있을까. Ost마저 드라마의 내용인가 싶을만큼 완벽한 최고의 드라마가 틀림없다.,79978,쓸쓸하고 찬란하神: 도깨비
HanA,일 년 전,-,함께라 눈부셨을 깨비와 은탁의 모든 생을 찬란하게 응원할게,79978,쓸쓸하고 찬란하神: 도깨비
Shella,일 년 전,5.0,the best k drama for me. my number 1,79978,쓸쓸하고 찬란하神: 도깨비
Ds,일 년 전,5.0,.,79978,쓸쓸하고 찬란하神: 도깨비
Movie_Collector,일 년 전,5.0,과거에서 현재까지 이어진 찬란하신 도깨비의 이야기,79978,쓸쓸하고 찬란하神: 도깨비
BreadHolic,일 년 전,4.0,스토리 영상미 ost 다 좋았다,79978,쓸쓸하고 찬란하神: 도깨비
홀리더라이브,일 년 전,4.5,유치하지만 나도 내 맘구석 한 곳에 도깨비를 놓고싶어진다.,79978,쓸쓸하고 찬란하神: 도깨비
나야,일 년 전,5.0,"7년이 지나도 여전히 후유증이 크게 남는 내 인생 드라마 원탑
우리 동네에서 찍어서 그런지 더 애정이 가는 드라마",79978,쓸쓸하고 찬란하神: 도깨비
장마나루,일 년 전,3.5,또 맨날 우려먹는 전생이랑 운명 이야기긴 한데... 배우들이 겁나 포스 쩌니까 다 눈 감아진다.,79978,쓸쓸하고 찬란하神: 도깨비
덤덤한_크리스토퍼_254031,일 년 전,2.5,아저씨로맨스그만,79978,쓸쓸하고 찬란하神: 도깨비
미상.,일 년 전,3.5,"드라마는 대중이 좋아하면 그걸로 충분하다. 나름 깊게도 삶의 딜레마를 담아내고, 나름의 급하지 않게 속도를 잡을 줄 알았다",79978,쓸쓸하고 찬란하神: 도깨비
뱅뱅뱅,일 년 전,3.5,"이맛 저맛 다 맞추려다 이맛도 저맛도 아니게 된 끝
그저 무난한 결말에 다만 아쉬울 뿐",79978,쓸쓸하고 찬란하神: 도깨비
Insomniac,일 년 전,2.0,과도한 PPL은 여전하네.,79978,쓸쓸하고 찬란하神: 도깨비
우주,일 년 전,4.0,상업성+대중성+작품성 다 잡은 퀄리티,79978,쓸쓸하고 찬란하神: 도깨비
행복한덕후,일 년 전,-,"도깨비 저승 등장씬은 볼 때마다 레전드고, 파국이다 선생님은 참 미운 캐릭터고, 이생에 못다한 인연이 다음생에서 이어진 게 참 좋고, 하지만 이생에서는 새드엔딩이었다는 것에 슬프다",79978,쓸쓸하고 찬란하神: 도깨비
이금지,일 년 전,5.0,"""너의 삶은 너의 선택만이 정답이다.""라는 뼈에 새길 명언을 남기고 간 명작품. 겨울이 그리울 때마다 다시 찾게되는 작품.",79978,쓸쓸하고 찬란하神: 도깨비
채티,일 년 전,4.5,울고 웃고 마지막엔 펑펑 울었던 그 해 겨울,79978,쓸쓸하고 찬란하神: 도깨비
오티티유디,일 년 전,5.0,"배우, 시나리오, 연출, ost... 감히 모든 것이 완벽한 드라마라고 말하고 싶다.",79978,쓸쓸하고 찬란하神: 도깨비
AJ,일 년 전,4.5,퀘벡 여행 다녀오고 나서 더 좋아진 드라마,79978,쓸쓸하고 찬란하神: 도깨비
태태,일 년 전,5.0,몇 년이 지났지만 찬바람만 불면 생각나는 도깨비,79978,쓸쓸하고 찬란하神: 도깨비
똑똑한리뷰어,일 년 전,5.0,김은숙 작가님이 선사하는 최고의 판타지 드라마,79978,쓸쓸하고 찬란하神: 도깨비
이드,일 년 전,3.5,우리가 모르는 사이 생긴 수많은 '업'들. 깨끗하게 돌아갈 수 없어서 슬퍼.,79978,쓸쓸하고 찬란하神: 도깨비
드라마 평론가 허장금,2년 전,4.5,"쓸쓸한 나의 마음을 찬란히게 빛나게 해준 드라마
3번을 보아도 재미있던 그 드라마
빰빰빰 빠 빰빠......",79978,쓸쓸하고 찬란하神: 도깨비
해석왕 고태일,2년 전,4.0,신과 함께 한 원더풀 라이프.,79978,쓸쓸하고 찬란하神: 도깨비
11bx,2년 전,4.5,킬링포인트가 전체의 2/3...,79978,쓸쓸하고 찬란하神: 도깨비
JiN,2년 전,4.5,.,79978,쓸쓸하고 찬란하神: 도깨비
화가난_이병헌_660624,2년 전,5.0,"쓸쓸한 서사와 찬란한 대사가 오랜기억에 남는 드라마
사랑과 이별, 삶과 죽음 을드라마로 만들었다 아름답게...
내 인생에 있을 수호신을 기다리게 만들었다",79978,쓸쓸하고 찬란하神: 도깨비
폰리학과,2년 전,4.0,겨울에 맛있는 드라마,79978,쓸쓸하고 찬란하神: 도깨비
vivre_sa_vie,2년 전,3.5,비주얼 훈훈한 주인공들 꽁냥거리는 걸 보는 재미가 쏠쏠,79978,쓸쓸하고 찬란하神: 도깨비
피자김치찌개,2년 전,3.5,인물들의 귀여운 척과 느린 전개만 빼면 괜찮은 듯,79978,쓸쓸하고 찬란하神: 도깨비
마담,2년 전,5.0,5번째 봐도 질리지 않는 작품.. 겨울만 되면 생각나는 드라마에요,79978,쓸쓸하고 찬란하神: 도깨비
행복한_강동원_562132,2년 전,2.5,캐릭터성으로 끝까지.,79978,쓸쓸하고 찬란하神: 도깨비
그냥,2년 전,4.5,"다시봐도 재미있는 드라마 
배우들이 캐릭터와 너무 잘어울려서 더 작품을 살아나게 한것 같다  나에게 공유라는 배우 다시 보게 만든 작품",79978,쓸쓸하고 찬란하神: 도깨비
딩가딩가,2년 전,5.0,내 최애 드라마 탑 5안에 드는 작품이징,79978,쓸쓸하고 찬란하神: 도깨비
과몰입은나의힘,2년 전,5.0,하... 죽기 전에 한 작품만 볼 수 있다면 난 무조건 이거,79978,쓸쓸하고 찬란하神: 도깨비
Dosopa,2년 전,3.0,8부작이었다면.,79978,쓸쓸하고 찬란하神: 도깨비
싹싹한_강동원_327871,2년 전,5.0,저승사자와 도깨비의 브로 케미 대폭발. 몇번을봐도 재미있다.,79978,쓸쓸하고 찬란하神: 도깨비
화가난_크리스토퍼_582234,2년 전,4.5,"뭐하나 부족함없었다
완벽한 판타지",79978,쓸쓸하고 찬란하神: 도깨비
녀미,2년 전,5.0,겨울이 찾아오면 꼭 봐야 할 드라마,79978,쓸쓸하고 찬란하神: 도깨비
todaywriter__,2년 전,4.5,"구가의 서를 보니까 이 작품과의 클라쓰 차이가 있다는 걸 깨닫게 된다.
이게 TVN이 아니라 MBC에서 했으면 더 대박을 쳤을거다.",79978,쓸쓸하고 찬란하神: 도깨비
Xhs_mns,2년 전,-,서브커플 I miss you 노래 나올때 마다 과몰입하게 됨,79978,쓸쓸하고 찬란하神: 도깨비
겨울달,2년 전,5.0,김은숙과 이응복 재회 소취,79978,쓸쓸하고 찬란하神: 도깨비
코카콜라,2년 전,5.0,더킹보고 실망하고 도깨비 보고 찬양함…,79978,쓸쓸하고 찬란하神: 도깨비
