user_name,review_date,rating,review_title,movie_id,movie_name
마뮤렌,2달 전,4.0,"내 최애 슬픔이에 이어 나타난 차애 당황이. 당황이는
부끄럼을 아는 양심이기도 했다",114858,인사이드 아웃 2
CHOjo,2달 전,4.0,"낯선 색의 물결에 요동치는 ’그‘시기도, 픽사가 빚으면 이리도 아기자기 알록달록.",114858,인사이드 아웃 2
동치성,2달 전,4.0,"결국 자아를 만들어내는 것은 다양하고 입체적인 감정들.

나를 나로서 완성시키는 것은 결국 나 자신임을.",114858,인사이드 아웃 2
곽도훈,한 달 전,5.0,"실패하면 디즈니, 성공하면 픽사 아입니까!!!",114858,인사이드 아웃 2
션스,2달 전,4.0,모든 것들이 모여 나를 나로 이루다,114858,인사이드 아웃 2
홍민우,2달 전,3.5,세상에 나쁜 기억은 없다,114858,인사이드 아웃 2
린제이교환,한 달 전,3.5,"엄마아빠의 기쁨이는 작고 슬픔이와 버럭이는 크고 중심에 있다는게ㅠㅠ
세상에 쓸모없는 감정같은 건 없어! 작고 감추고 싶은 감정들도 결국은 나의 일부이고, 
더 나은 나를 만든다!",114858,인사이드 아웃 2
보문동꿀주먹,2달 전,3.5,"정서가 풍부해지면서 겪는 사춘기, 그마저도 사랑스럽다는걸 라일리가 언젠가 깨닫길.",114858,인사이드 아웃 2
선호하는편,한 달 전,3.5,불안이의 폭주가 이해되면서도 한편으로는 기쁨이와의 해피엔딩이 너무 쉽게 이루어진 느낌.. 3일 만에? 이렇게 간단히?.. 다소 유치하기도 했던 '금쪽 상담소' 재질 애니,114858,인사이드 아웃 2
무비JWm,2달 전,5.0,"""고마워서, 불안하고 서툴렀던 그 모든 감정들의 성장통이.""",114858,인사이드 아웃 2
샤일록,2달 전,3.0,"생각은 불안과 함께, 자아는 성장통과 함께 꽃핀다",114858,인사이드 아웃 2
새침한_전지현_160408,한 달 전,4.5,1편의 그 충격적인 감동은 덜하지만 역시나 웰메이드 너무 감동,114858,인사이드 아웃 2
글쓰는자두,한 달 전,5.0,"언제나 좋은 사람이고 싶던 내게, 불완전한 모습의 너도 그 자체로 사랑받을 가치가 있다고 위로해준다. 
불안이에게서 보이는 내 모습을 미워하지말고 인정하고 안아줘야지.",114858,인사이드 아웃 2
정정정,한 달 전,4.0,불안하다는 건 그만큼 잘하고 싶은 마음이 커서가 이닐까.. 조금 못하면 어때..  완벽하지 않아도 충분히 사랑받을 수 있어,114858,인사이드 아웃 2
한은수,한 달 전,4.0,"주제를 직관적으로 표현하는 픽사의 능력은 이 작품에서도 빛을 발한다. 누구나 겪는 모든것이 너무 빨리 변하는 그 시절, 그때 나를 더 사랑해줄걸 하는 후회를 하게 한 영화",114858,인사이드 아웃 2
m.blue,2달 전,4.0,들어도 들어도 질리지 않는 위로,114858,인사이드 아웃 2
도토리티,2달 전,5.0,"수 많은 감정과 기억이 어느 하나 중요하지 않은 것이 없다. 
나를 단단하게 하기 위해 거쳐가는 과정 속에서 
그 동안 겪었던 나의 과거가 떠올라 나도 모르게 눈물이 났다.",114858,인사이드 아웃 2
영화보는퍼플,2달 전,5.0,"내안의 감정을 소중히 느껴볼수있는 영화!
내 모든 감정을 사랑하자♡",114858,인사이드 아웃 2
아와와,15일 전,4.0,"개인적으로 전편이 더 재미있었지만, 이번에도 역시 많은 걸 남기는 데는 성공한 듯하다. 새로운 감정들을 표현하는 방식이 정말 유니크하고 인상깊었다.",114858,인사이드 아웃 2
남포동호떡주먹,19일 전,3.5,“모든 순간이 나였기에 앞으로도 그럴 것이기에”,114858,인사이드 아웃 2
영화평론가,25일 전,0.5,명성만큼 기대에 못 미침,114858,인사이드 아웃 2
화가난_팀버튼_905326,한 달 전,3.5,불안이에게 공감하는 정도에 따라 감상이 달라질 듯.,114858,인사이드 아웃 2
초밥먹는쿼카,한 달 전,4.5,굿,114858,인사이드 아웃 2
Ghooug,한 달 전,4.0,나의 청소년기를 돌아보게 만드는 작품. 꿈을 위해 내 청춘을 받쳤지만 다양한 감정과 주위를 못돌아보게 만들었던 내자신을 돌아보게 만들었음,114858,인사이드 아웃 2
슈가슈가룬,한 달 전,4.0,그 모든 것들이 모여서 결국 나라는 자아를 만들어내는 경험 누구나 경험하게 되는 것을 이토록 공감되게 만들어 내는 일이야 말로 가장 훌륭한 일이 아닐까 싶다.,114858,인사이드 아웃 2
궁금한_에스파_821663,한 달 전,No rating,인사이드 아웃 2,114858,인사이드 아웃 2
궁금한_브래드피트_878519,한 달 전,3.0,역대급 평점이라 기대많이했는데...,114858,인사이드 아웃 2
.,한 달 전,4.0,"영화보는 내내 불안이가 미웠던 이유는 아마도 내가 현재 가진 감정 중 가장 큰 아이가 불안이기 때문일 것이다
가장 나같지 않았으면 하는 아이가 가장 나같을수록 미워하게 되는 법이니",114858,인사이드 아웃 2
중딩평론가,한 달 전,4.5,"불안하기에 부족하고, 부족하기에 아름다운 시절",114858,인사이드 아웃 2
다빕,한 달 전,4.0,내 모든 감정들을 꼬옥 안아주게 되.,114858,인사이드 아웃 2
튀김소보루,한 달 전,4.5,이제 불안해도 더이상 불안하지 않아,114858,인사이드 아웃 2
장마나루,한 달 전,4.0,"전편과 똑같은 현란한 애니메이션과 비슷한 성장 이야기. 그럼에도 울림이 큰 것은, 아마 평생을 거쳐도 계속해서 성장해 나가는 게 ""나""라서가 아닐까.",114858,인사이드 아웃 2
행복한_컴버배치_957577,한 달 전,4.5,진짜 재밌고 감동적 이에요,114858,인사이드 아웃 2
Y_Sn0w,한 달 전,3.0,"망각하고 싶은 기억조차, 결국 나의 일부",114858,인사이드 아웃 2
UNKNOWN,한 달 전,3.5,1편에서 보여준 획기적 아이디어는 없었다,114858,인사이드 아웃 2
영화보는곰,한 달 전,3.5,"인사이드 아웃. 9가지 감정, 그리고 회상.",114858,인사이드 아웃 2
블루제롬,한 달 전,4.5,"감정에 충실했던 어린아이가
신념을 키워 성장하다
그 안에 담긴 감정들의 기염뽀짝한이야기들",114858,인사이드 아웃 2
깜찍한_엠마스톤_405526,한 달 전,5.0,내 안의 감정이들도 서로 의지하는 존재일까. 오랜만에 눈물 흘렸다.,114858,인사이드 아웃 2
bb-on-theatre,한 달 전,4.0,캡틴 라일리: 퓨버티 워,114858,인사이드 아웃 2
샨이나라다,한 달 전,4.5,새로운 사춘기 자아들 그 중에서 후반부 불안의 자아표현이 정말 탁월하다. 내 사춘기 시절도 돌아보고 사춘기 아이들을 이해할 수 있어서 뜻깊은 시간을 준 인사이드아웃2 강추.,114858,인사이드 아웃 2
폭룡적_티모시_967148,한 달 전,5.0,사춘기인데 부모님과의 관계를 중접적으로 나타내지 않고 친구들 과의 관계만 중점적으로 나타내서 아쉬웠지만 제 인생작의 후속작인 만큼 너무 재밌고 감동적이었습니다,114858,인사이드 아웃 2
surestart,한 달 전,4.5,"모르는 혹은 몰랐던 나의 감정을 찾아가는 소중한 시간, 벌써부터 ‘추억’이의 등장을 기다린다.",114858,인사이드 아웃 2
똑똑한_이정재,한 달 전,4.5,"어메이징! 사춘기 로우틴 라일리의 '불안'한 선택은 어리둥절, 대략난감인데.. 밀려난 감정 5총사는 무사히 귀환할 것인가? (맨 끝에 쿠키영상 있어요) 켈시 만. 2024. 4.5",114858,인사이드 아웃 2
when_i_met_movie,한 달 전,4.0,모든 도전과 실패가 모여 지금의 내가 되었기에,114858,인사이드 아웃 2
movie__again,한 달 전,3.5,남들이 생각하는 원래의 '나'란 무엇인가,114858,인사이드 아웃 2
아이리스,한 달 전,3.5,"어린 사춘기에 저 정도 성장한다면 대견한 것이다. 누군가는 정작 학창 시절은 덤덤하게 보내고, 성인이 된 후 뒤늦은 폭풍을 맞이한다.",114858,인사이드 아웃 2
영화의순간들,2달 전,5.0,감정의 소용돌이 속에서 꿋꿋이 피어난 모든 라일리들을 위해.,114858,인사이드 아웃 2
luckyhyh,2달 전,3.0,중2병 감정 캐릭터들이 일깨워 주는 어른이 된다는 것!,114858,인사이드 아웃 2
뀨우우우우,2달 전,5.0,"기쁨과 불안, 부모의 마음",114858,인사이드 아웃 2
KinoDAY,2달 전,4.0,인사이드 아웃 2 | 기쁨과 불안 속에서 나를 찾아줘,114858,인사이드 아웃 2
고고한_크리스토퍼_705478,2달 전,4.5,불안도 기쁨도 모두다 소중해,114858,인사이드 아웃 2
귀여운_팀버튼_213671,2달 전,No rating,최고 중의 최고,114858,인사이드 아웃 2
함수정,2달 전,3.5,인사이드 아웃2,114858,인사이드 아웃 2
왕순kim,2달 전,4.0,라일리의 자아를 만들어 가는 과정 - 사춘기는 누구나 다 겪는 것이기에.,114858,인사이드 아웃 2
요키치,2달 전,3.5,픽사는 단순한 진리를 따듯한 영상미로 손쉽게 가슴으로 밀어 넣어주는 기술자들이다.,114858,인사이드 아웃 2
고고한_윤여정_763575,2달 전,4.0,삶은 그 어떤 무수한 모습의 나를 알아가고 받아들이는 과정.,114858,인사이드 아웃 2
믹무비,2달 전,4.5,"추상적인 것들을 개념화하고, 실체화하는 픽사의 놀라운 창의력",114858,인사이드 아웃 2
호잉이아빠,2달 전,3.0,나쁜 기억은 지우는 게 아니라 보듬는 것,114858,인사이드 아웃 2
푸챱,2달 전,5.0,너무 재밌어서 어디서부터 말해야될지 모르겠음 진짜 개재밌다... 근데 감동까지.... 사람이 미침....,114858,인사이드 아웃 2
삼봉이형,2달 전,5.0,"""어른이 된다는 건 기쁨이 점점 줄어드는 건지도 몰라""라는 대사가 찡했다.
돌비시네마에서 N차관람 각이다.",114858,인사이드 아웃 2
씨네소울,2달 전,3.5,인사이드 아웃 2 정보 평점 리뷰 결말 후기 스포 쿠키 독창성 메시지 여전한 디즈니 픽사 애니메이션 추천,114858,인사이드 아웃 2
신이난_무비팬,2달 전,5.0,사춘기의 감정들을 잘 표현한 것 같고 어른이 되어가는 성장과정 속에서 자아가 형성되는 것을 잘 표현한 것 같다.,114858,인사이드 아웃 2
이야호,8달 전,No rating,기대됩니당😻,114858,인사이드 아웃 2
최수빈아내,9시간 전,5.0,흥미진진하고 점점 가면 갈수록 감동적인 영화 역시 실망시키지 않네요!,114858,인사이드 아웃 2
film__archive__,20시간 전,3.5,"새로운 상상력이 줄어든 만큼, 캐릭터가 많아져서 정신없어진 만큼 딱 그 정도가 1편보다 못한 2편",114858,인사이드 아웃 2
kimsk11001,하루 전,3.5,어느 벽돌 하나도 버릴 수 없는 나라는 집,114858,인사이드 아웃 2
맨드로바,2일 전,4.0,인사이드 아웃 2,114858,인사이드 아웃 2
즐거운_신동엽_553856,2일 전,3.5,감동적이지만 원만 못하다,114858,인사이드 아웃 2
시크푸치,3일 전,4.0,나다움을 찾을 때 비로소 보이는 감정들과 성숙이란 마음건강. 팬데믹의 공포에 존버한 우리를 사춘기 라일리의 성장통으로 은유.,114858,인사이드 아웃 2
베벵,3일 전,4.0,감정 외에 나오는 서브 캐릭터 그림체가 매력적이고 튀는 연출로 나와 흥미롭게 봤고 새로운 사춘기로 겪어 감정들이 불안한 요소를 만들어내 그걸 성공을 이루어내는 장면이 감동이였다.,114858,인사이드 아웃 2
강인한_김혜수_900680,4일 전,5.0,주인공 ‘라일리’의 성장과 자기사랑의 과정들,114858,인사이드 아웃 2
내존재자체가미스테리다,4일 전,-,복잡해진 모든 감정들이 사랑스러웠다. 커가는 만큼 주가 되고 부가 되는 감정들이 차지하는 위치와 크기가 달라지지만 결국 그 모든 것이 한 사람을 이루고 지탱해 나가는 것임을..,114858,인사이드 아웃 2
룰렛,4일 전,4.5,"감정을 의인화한다는 설정이 좋으니 부차적인 요소들이 다소 부족해도 이야기에 힘이 있다.

좋은 기억만으로는 나를 이룰 수 없다. 아픈 기억도 내면을 성장시키는 자양분",114858,인사이드 아웃 2
필네씨,5일 전,4.5,불안했기 때문에 기쁘진도 슬픈지도 몰랐던 그때.,114858,인사이드 아웃 2
청귤,6일 전,5.0,"내 안의 불안이를 마주하는 시간, 불안이를 통제해야하는구나... 생각하는 시간. 지금에서야. 지금이라도.",114858,인사이드 아웃 2
도도한_침착맨_642225,6일 전,4.0,속편이 낼 수 있는 최대의 결과,114858,인사이드 아웃 2
키다리노진구,7일 전,3.5,불안이의 모습이 마치 나를 보는 것 같아서 안쓰러웠다,114858,인사이드 아웃 2
팝콘이맛나요,7일 전,4.0,인사이드 아웃 1의 충격에 비하면 약하지만 그래도 잘 만든 작품이다,114858,인사이드 아웃 2
수야,7일 전,4.0,모든 감정을 사랑해야지,114858,인사이드 아웃 2
voorpret,8일 전,4.0,ㅤ,114858,인사이드 아웃 2
차근차근,9일 전,4.5,"불안에 휘감길 때 나를 극복한 건 슬픔과 기쁨, 그리고 거쳐온 수많은 감정들",114858,인사이드 아웃 2
곧 완료,9일 전,4.0,앞만 보고 달리는 어른에게 위로와 힐링,114858,인사이드 아웃 2
Chouchou,10일 전,3.0,"역시 1을 넘어서는 2는 어려운거겠지? 새로운 감정들은 더 현실적이긴 하지만, 복잡한 인간의 감정을 단순화 시켜 표현했던 1편의 새로움을 넘지는 못한듯. 뭐 인간은 성장하는거니까.",114858,인사이드 아웃 2
동그라미,11일 전,3.0,재밌었으나 전개 방식은 1과 크게 다르지 않았다,114858,인사이드 아웃 2
WONJUNCOHI,11일 전,4.5,누구나 겪는 사춘기 시절의 이야기,114858,인사이드 아웃 2
하루1,12일 전,4.0,개봉일에 만난 영화.. 다양한 감정들과 2편에서 새로 합류한 감정들의 조합이 잘 조화를 이루었다,114858,인사이드 아웃 2
김오늘,13일 전,3.5,[2024. 7. 17.] 1편의 반복. 그러나 더 성숙하다.,114858,인사이드 아웃 2
둠,13일 전,5.0,"정말 오랜만에 인상깊게 본 영화
모든 감정들이 라일리 순애자들이라 너무 따뜻하다
불안이가 눈물 흘릴 땐 나도 같이 펑펑 울었음
걱정이 많은 사람이라면 위로가 많이 될 영화",114858,인사이드 아웃 2
놀라운_엠마스톤_436399,13일 전,5.0,재밌어요,114858,인사이드 아웃 2
미러볼,13일 전,5.0,"뭔가 잘못되어가고 있다는 생각이 들 때
근데 그걸 탓할 사람이 나 뿐일 때
너무 괴로워하지 말았으면 한다",114858,인사이드 아웃 2
므레너굴,15일 전,4.0,우리에게 결코 필요없는 감정은 없다.,114858,인사이드 아웃 2
DirtyBaby,15일 전,3.0,"동심은 존재하기에 지키는 것에 의미가 있지만, 한계가 있다",114858,인사이드 아웃 2
느티나무,15일 전,2.0,1도 나랑은 안맞더니 2도 내 취향은 아니었다. 공감도 재미도 찾을수 없었다. 딸이 있어야 공감하려나..,114858,인사이드 아웃 2
최정표,15일 전,3.5,라일리다운 게 뭔데!,114858,인사이드 아웃 2
asrmngfc,15일 전,3.5,나의 속속이들을 찾아서,114858,인사이드 아웃 2
카밀레,15일 전,3.0,"좋은 기억만이 아니라 나쁜 기억, 힘들었던 기억도 나를 만든다. 과거에 연연하지 말자. 어쨌든 그 모든 것이 현재의 나니까",114858,인사이드 아웃 2
fromljs,16일 전,4.0,1편 느낌 그대로 이어지는 어색하지 않은 속편 1편만큼 참신한 느낌은 없었지만 재미있고 우리에게 아직 많은 감정이 더 있었는데 하는 생각을 다시해봤다. 나도 기쁨이가 운전할까?,114858,인사이드 아웃 2
깜찍한_팀버튼_841810,17일 전,5.0,1편 만큼 재밌고 감동적이다. 아니 더 이해할 수 있는 나이의 라일리로 성장했기에 더욱 감동적이다.,114858,인사이드 아웃 2
박서형,17일 전,3.5,"처음에는 인사이드 아웃 1이랑 다를바없다 느껴졌는데 뭐 마지막에 감동으로 끝나는.. 
결론적으로 라일리가 사춘기를 겪으며 성장해나가는게 가장 인상깊었다.",114858,인사이드 아웃 2
JinPearl,17일 전,-,왜 불안할까. 변화하는 라일리를 보며 내 모습이라고 느꼈다. 사실 라일리가 첫 도둑질을 하려는 경험이 매우 나와 겹쳐 보였다. 그리고 불안함이 나를 짓누르는경험도.,114858,인사이드 아웃 2
도도한타란티노,17일 전,4.0,고3 아들 조용히 우는 옆모습에 더 마음 아팠던,114858,인사이드 아웃 2
친절한_레이놀즈_106262,17일 전,5.0,독특한 아이디어와 스토리가 관심거리였던 만화,114858,인사이드 아웃 2
귀여운_차은우_253278,17일 전,5.0,인생영화. 마지막에 전율이 흐르면서 눈물 쏟아낸 isfp,114858,인사이드 아웃 2
소굼,17일 전,5.0,"좋을 때에도, 충분히 좋지 못할 때에도, 사랑해!",114858,인사이드 아웃 2
얌히,18일 전,3.5,성장을 자연스럽게 표현해서 감탄했다.,114858,인사이드 아웃 2
귀여운_영광이_240223,18일 전,3.5,불안이가 내 불안을 집어삼킬 때 나도 모르게 기도하게 됨,114858,인사이드 아웃 2
젠젠,18일 전,5.0,청소년때의 사춘기 시절을 생각 해 볼 수 있는 시간이였다,114858,인사이드 아웃 2
조선에간김해일,18일 전,3.5,"잠시 스쳐가는 불안에, 여러 감정들의 공존으로 끝을 이룬다",114858,인사이드 아웃 2
맑은하늘,18일 전,5.0,감정애 대해 한번 더 생각해보개 된.,114858,인사이드 아웃 2
행복한_팀버튼_437022,19일 전,-,"다 컸는데도 내 불안이는 아직도 열일 중이네, 좀 말려봐",114858,인사이드 아웃 2
우울한 디카프리오_135893,20일 전,2.5,기대를 많이 해서 그런지 딱히 재밌진 않았음,114858,인사이드 아웃 2
어양동불주먹,20일 전,4.0,"어느새 슬픔이와 버럭이, 까칠이, 불안이가 가득한 어른이 되어버렸지만 내 안에 기쁨이가 더 일할 수 있게 더 노력해볼게",114858,인사이드 아웃 2
박정윤,20일 전,3.5,결국 픽사 작품의 핵심 중 하나는 '공감'이다. 그리고 이 시리즈는 그것을 가장 창의적으로 활용한다.,114858,인사이드 아웃 2
오리날다,20일 전,3.5,"행복한 모습도, 슬픈 표정도, 당황한 얼굴도, 불안한 나도 흡잡을데 없이 모두 나였다.",114858,인사이드 아웃 2
상냥한_한효주_895245,20일 전,5.0,어른들한테도 한번더 생각해보는 작품,114858,인사이드 아웃 2
카레사이다,20일 전,3.5,"더욱 복잡해진 라일리의 자아만큼이나 입체적이게 된 감정들에 대한 묘사가 아주 매력적, 다만 사춘기라는 인생의 분기점이 될 수 있는 이벤트를 사건 하나로만 다룬다는 것이 아쉬웠음.",114858,인사이드 아웃 2
호랑호랑,21일 전,4.5,알록달록한 감정들의 불협화음 그러나 마지막은 나일리를 위해 앙상블,114858,인사이드 아웃 2
김지환,22일 전,4.5,Inside Out 2,114858,인사이드 아웃 2
나도가끔은리뷰쓴다,22일 전,5.0,살다 보면 꼭 겪는 내면의 성장,114858,인사이드 아웃 2
죠,22일 전,5.0,버럭이 귀여워 죽겠네 진짜,114858,인사이드 아웃 2
카라멜팝콘,23일 전,3.5,미래에 대한 생각이 늘어나며 추가되는 감정들,114858,인사이드 아웃 2
잉페,23일 전,3.5,"자야 형성에 필요한 여러 추억들과 경험들이 예뻐보였다.
허나 나이가 들었나 아빠의 머리속이 매우 공감되어 슬펐다.",114858,인사이드 아웃 2
싹싹한_송강호_515864,23일 전,2.0,"내 감성이 매말라진 것일까
스토리가 지루한 것일까...
내가 너무 기대한 탓일까...",114858,인사이드 아웃 2
Insomniac,23일 전,5.0,"한 순간이라도 쓸모 없는 마음이 있었을까. ‘구슬’ 파도가 차오르던 때, 본부조차 위태로웠던 만인을 위하여.",114858,인사이드 아웃 2
무비아이즈,23일 전,5.0,공감과 위로가 있었던 영화,114858,인사이드 아웃 2
지나은,23일 전,5.0,불안을 다루는 법을 알게 돼서 다행이야,114858,인사이드 아웃 2
송사리,23일 전,4.5,"어른이 된다는게 그런건가봐, 기쁨이 줄어드는 것.
대사 한줄이 울리는 영화",114858,인사이드 아웃 2
형광엉덩이,23일 전,3.0,"재밌었지만
깊게 몰입되진 못했음 감정이들의 매커니즘이 직관적으로 와닿지 않아서 혼자 추가적으로 생각하기가 어려움",114858,인사이드 아웃 2
도도한_567681,24일 전,4.5,다양한 감정,114858,인사이드 아웃 2
율,24일 전,4.0,내가 겪었던 사춘기가 납득이 됐다,114858,인사이드 아웃 2
둥,24일 전,3.5,"라일리의 불안이를 보니, 나의 사춘기 시절 불안이들이 떠올라서 찡하고 눈물이 났다",114858,인사이드 아웃 2
상냥한_송강_168532,24일 전,4.5,너무 좋았어요~  아이보여주러왔다가 감동 받고 가요,114858,인사이드 아웃 2
베네딕트사랑한다,24일 전,4.5,지금 우리에게 필요한 건 따뜻한 받아들임이다,114858,인사이드 아웃 2
몽몽,24일 전,5.0,라일리와 다양한 감정들의 성장과정속에서 나자신을 돌아보게 된것 같아요.,114858,인사이드 아웃 2
만두,24일 전,-,우리 모두가 겪어왔던 격동의 시기기에 더 느껴지는 공수치,114858,인사이드 아웃 2
JHrock,24일 전,4.5,인사이드아웃 시리즈는 항상 심리 치료 세션 같다.,114858,인사이드 아웃 2
둥근해가떴습니다,25일 전,3.5,"시즌 1의 인상이 깊어 기대가 높아 만족도가 크진않았으나
볼만함",114858,인사이드 아웃 2
맘편히,25일 전,-,우리의 수많은 감정과 살아온 시간들에 대한 찬가,114858,인사이드 아웃 2
똑똑한_슈카_422104,25일 전,4.0,나조차 감히 건들지 못하는 성장통을 위로해 주는 존재들,114858,인사이드 아웃 2
라따뚜이,25일 전,4.5,"이불킥 하게 만든 잊고 싶은 일들도 지우고 싶은 상처들도
다 모여서 지금의 내가 됐다. 그 모든 걸 안아줄 줄 아는 내가 되길..아직도 난 멀었다.",114858,인사이드 아웃 2
크리커,25일 전,3.5,상상력은 충분히 번뜩였지만 그것들이 1편보다 잘 쓰였나 하면 글쎄올시다,114858,인사이드 아웃 2
예민한_강동원_118123,한 달 전,3.5,어른이 된다는 건 기쁨이 줄어드는 일이지만 내 기쁨을 스스로 만들 줄도 아니까 괜찮아!,114858,인사이드 아웃 2
정절,한 달 전,4.0,시간이 뚝딱!,114858,인사이드 아웃 2
덤덤한_크리스토퍼_796924,한 달 전,4.0,.,114858,인사이드 아웃 2
깜찍한_침착맨_165447,한 달 전,5.0,내 불안이 가만히 있어...,114858,인사이드 아웃 2
마르,한 달 전,3.0,모두가 공감할 수 있는 성장이야기,114858,인사이드 아웃 2
기뮨,한 달 전,5.0,그래 모든게 나야,114858,인사이드 아웃 2
ottliker,한 달 전,4.5,2건 어쩌면 “어린이가 아닌 어른이를 위한” 영화.,114858,인사이드 아웃 2
pear_mingyu,한 달 전,2.5,아쉬워도 디즈니는 어쩔 수 없는 디즈니.,114858,인사이드 아웃 2
김준모 기자,한 달 전,3.5,MBTI 보다 더 재밌는 감정탐구의 매력은 여전하다,114858,인사이드 아웃 2
굴소년,한 달 전,3.5,즐겁고 행복한 감정 뿐 아니라 외롭고 수치스럽고 슬프고 당황스럽고 힘들었던 기억도 있어야만 나라는 단단한 사람이 되는 것. 설사 13년간 만들어온 것들을 깨끗하게 포기하더라도.,114858,인사이드 아웃 2
거실 평론가,한 달 전,4.0,라일라의 사춘기로 나의 30대를 이해할 수 있었다.,114858,인사이드 아웃 2
NYYU,한 달 전,3.5,사춘기 내면의 과감한 붕괴와 재정립,114858,인사이드 아웃 2
덤덤한_김선호_576531,한 달 전,4.0,사춘기에 누군가 한번쯤은 겪어봤을 친구관계에 대한것. 또한 나를 있는 그대로 사랑해주는 감정이들이 있다는걸 청소년기에 알았다면 엄청난 힘이 되었을것.,114858,인사이드 아웃 2
채채99,한 달 전,5.0,"명불허전 픽사식 심리학 공부 ••🩵
어느 한 감정으론 나를 정할 수 없어.",114858,인사이드 아웃 2
Alisoo0,한 달 전,4.5,감정의 과도기를 잘 표현 한 것 같다.,114858,인사이드 아웃 2
구벨만,한 달 전,4.0,그 모든 순간을 껴안고서야 비로소 마주한 '나'라는 햇살.,114858,인사이드 아웃 2
싹싹한_엘사_803964,한 달 전,3.5,귀엽다,114858,인사이드 아웃 2
daydreamin,한 달 전,3.0,뻔하지만 따뜻한 메시지. 하지만 울림은 없다.,114858,인사이드 아웃 2
맨중맨,한 달 전,5.0,"감정이 요동치는 불안하고 위태로운 시기에도, 금방이라도 터질 것 같던 그 순간 마저도 나는 나였다. 
불완전한 모습은 그 자체로 나인 것을.",114858,인사이드 아웃 2
Movie_changgo_,6일 전,3.5,가족들과 함께하는 얼렁뚱땅 액션,130994,슈퍼배드 4
깜찍한_침착맨_910335,7일 전,No rating,미니언즈들이 너무 긔야웡여 ㅜㅜㅜㅜㅜㅜ 역대급으로 많이 울고 웃엇네여 ㅜㅜ 진짜 너무 재밋습니다! 강추! 완전 제 인생 영화 이걸로 바꼇어요 ㅜㅜㅜㅜ 다들 시간내서 꼬옥! 보시길ㅜ,130994,슈퍼배드 4
쩡이썬이,4일 전,-,"미니언즈들의 언어가 점점 정확해지는 느낌이 드네
일루미네이션만 하던 애들이 간단한 단어들이 들리네ㅎㅎ
그리고 마지막씬은 앞에 본 악당들이 나와서 반가웠다.",130994,슈퍼배드 4
곽도훈,6일 전,3.5,적당히 볼만하지만 어딘가 엉성란 부분이 아예 없지는 않았다,130994,슈퍼배드 4
화가난_김태희_149314,7일 전,5.0,이런게 여화지 귀엽다,130994,슈퍼배드 4
낡은호출기,9일 전,3.0,우유용기 닮은것들 환장파티에 코만남은 악당의흔적,130994,슈퍼배드 4
함수정,24일 전,3.0,슈퍼배드4,130994,슈퍼배드 4
깜찍한_팀버튼_805598,4시간 전,1.5,나 찌질한 남주 지겹나 봐,130994,슈퍼배드 4
영사남,20시간 전,2.5,이젠 귀여운거 말고는 더 이상 없는 건가,130994,슈퍼배드 4
행인3,20시간 전,3.0,귀여우니 됐어,130994,슈퍼배드 4
뚱땡바리,하루 전,3.5,그루의 아기는 보스베이비?,130994,슈퍼배드 4
movie__again,하루 전,3.5,단맛빠진 크리스마스 막대사탕,130994,슈퍼배드 4
유도청년 이해진,2일 전,3.5,재미가 없단 얘기도 있는데 어차피 애니지 않은가?? 그냥 즐기면 된다. 귀여운 맛으로,130994,슈퍼배드 4
24fps,2일 전,2.0,영화가 싫어질때쯤 귀여운 미니언이 나온다. 그 감정을 반복하다 보면 영화가 끝난다. 그거면 됐다. 근데 이번 작품에 유독 개그코드나 패로디가 아재스럽다.,130994,슈퍼배드 4
김해중3,2일 전,3.5,"빌런은 엉망, 결말은 허무했지만 미니언이 겨우 살렸다",130994,슈퍼배드 4
덤덤한_스필버그_928831,2일 전,3.5,"최근 들어 영화 시작하고 졸려하는 모습이 없었는데...그리 나쁘지는 않았지만, 그만큼 내가 나이 들었나 보다 싶다. 이번 미니언즈는 귀여움보다 좀 부산하고 시끄러웠던 편이다.",130994,슈퍼배드 4
sebastian,3일 전,3.0,이게 <미니언즈 3>인지 <슈퍼배드 4>인지... 이 둘을 확실하게 나눌 수 있게 분간을 시켜줬으면.,130994,슈퍼배드 4
도도한_567681,3일 전,4.0,익숙한 내용 그러나 이제는 신선함은 사라졌다,130994,슈퍼배드 4
makehappybb,3일 전,3.0,개구진 미니언즈와 함께 웃고 가족의 사랑이 무엇인가 생각해보게 하는 따뜻한 이야기,130994,슈퍼배드 4
snowflaker,3일 전,3.0,"◈ 이제, 점점… 미니언들의 귀여움 파워도 힘에 부치는 느낌이다.",130994,슈퍼배드 4
khm,3일 전,4.0,가족들과 즐기기 좋은 킬링타임용 영화. 미니언즈들은 역시 귀여워..,130994,슈퍼배드 4
감성적인너구리,3일 전,3.0,순간적 재미 돌려막기에 급급함에도 아직까진 즐거운 시리즈 고유의 오락.,130994,슈퍼배드 4
룬끼,4일 전,5.0,"믿고보는 미니언즈
말 그대로 재밌었다",130994,슈퍼배드 4
달려라다롱,4일 전,3.0,킬링타임  좋아욥~,130994,슈퍼배드 4
썽,4일 전,2.5,슈퍼배드 시리즈 중 최악,130994,슈퍼배드 4
열두시반,4일 전,3.0,"시작부터 끝까지 전부 일루미네이션답게, 귀여움으로 무장한 미니언즈의 매력만으로 결말을 향해 정신없이.",130994,슈퍼배드 4
film__archive__,4일 전,2.5,"영화 전체가 실속없는 쿠키영상 수준
허무하고 평면적인 캐릭터들의 연속
심각한 미니언즈의존증",130994,슈퍼배드 4
eey,5일 전,2.5,"미니언들의 귀여움은 여전하지만, 갈수록 소재가 고갈되는게 눈에 보인다. 일루미네이션은 차라리 다른 애니메이션 시리즈를 만드는게 더 괜찮을 듯.",130994,슈퍼배드 4
로튼토마토,5일 전,2.5,이제는 한계가보인다 진심 다음미니언즈나와도 이제는 비슷할듯하다,130994,슈퍼배드 4
밋님,5일 전,3.0,미니언들 귀여워♡♡♡♡,130994,슈퍼배드 4
5BTLS,5일 전,3.0,여전히 귀여운 미니언즈들. 그리고 아이들. 근데 왜 마블처럼 미니언즈를 이상하게 변종을 만들고 그러는지….,130994,슈퍼배드 4
체호프,6일 전,2.5,"여러 면에서 시리즈의 한계를 보여준다. <보스 베이비>를 참고한 듯한 서사는 새롭지 않으며, 메가 미니언즈의 캐릭터 디자인은 빌런을 보는 것 같았다.",130994,슈퍼배드 4
믹무비,6일 전,3.5,"귀여운데, 유치함...",130994,슈퍼배드 4
하얀우유,6일 전,1.5,더이상 매력없는 캐릭터에 너무 부실한 각본.,130994,슈퍼배드 4
정연서,6일 전,2.5,미니언들 비중이 적고 아빠로서 그루의 매력은 떨어진다.,130994,슈퍼배드 4
ossie,6일 전,3.0,뼈에서 더 이상 우러나올 골수도 남아 있지 않았으나 이만하면 선방한 듯하다. 이제는 진짜 끝임을 인정하고 퇴장할 때.,130994,슈퍼배드 4
자연형인간,6일 전,4.5,유치하게 잘 만든 영화,130994,슈퍼배드 4
영화보는원장이,6일 전,2.5,"3편보다는 나은데, 1-2편에는 미치지 못하는 느낌이었다. 악당의 서사가 생각보다 좀 부실하고, 전개자체가 뻔하다보니...오히려 신캐릭 파피를 조금 더 부각하는게 낫지 않았을까싶다",130994,슈퍼배드 4
라죠,6일 전,5.0,미니언이 넘 사랑스러움💞,130994,슈퍼배드 4
친절한_서강준_595504,6일 전,5.0,메가 미니언 너무 웃겼다 미니언만의 엉뚱매력은 정말 ㅋㅋ,130994,슈퍼배드 4
골트래커,6일 전,-,"오랫동안 기다린 만큼 그루패밀리와 미니언즈의 활약이 더운 반가웠음ㅋㅋ 이번에 슈트 입은 미니언즈가 너무 귀엽고, 그루 주니어의 활약이 킬링포인틐ㅋㅋㅋ",130994,슈퍼배드 4
밤하늘아래은하수,6일 전,-,미니언 너무 귀여워요ㅠㅠㅠㅠ 귀여운건 꼭 극장에서 크게 보세요,130994,슈퍼배드 4
깜찍한_크리스토퍼_402272,6일 전,5.0,쥰내 기여움 그냥 개귀엽고 스토리 너무 재밌고 깔쌈하구 미니언아 사랑해 100편까지 나와줘,130994,슈퍼배드 4
고고한_유재석_512751,6일 전,5.0,너무 귀여웠던 미니언즈 그리고 믿고 보는 그루 패밀리 서사까지... 개봉일에 열심히 달려가서 본 보람 있는 작품 !,130994,슈퍼배드 4
깜찍한_송강_112773,6일 전,4.5,귀엽고 재밌고 새로운 캐릭터들도 매력 넘친다!,130994,슈퍼배드 4
쌉싸름한녹차,6일 전,3.5,"시리즈가 흥한 방향성을 완전히 잃어버림. 유쾌하고 따뜻한 가족영화는 맞지만, 매력적인 악당과 익살스러운 코미디를 기대하고 찾아온 팬들을 만족시키진 못했다",130994,슈퍼배드 4
엔팁_재우몬,6일 전,2.0,미니언 보여주기 말고 남는게 있었나.. 그루 매력도 사라지고.. 애매..,130994,슈퍼배드 4
지누씨네,6일 전,2.5,매력이 다 닳은 치트키,130994,슈퍼배드 4
eileen,6일 전,4.0,빌런은 약했지만 그루는 여전히 그루다.,130994,슈퍼배드 4
재밌는_정우성_726847,7일 전,-,정말 역사에 길이 남을 명작. 풍부한 사운드와 마지막의 반전은 이 영화의 묘미라 하지 아니할 수 없다. 시각적 묘사가 매우 자세하니 비위가 약하신 분들은 조심하시길..ㅠㅠ,130994,슈퍼배드 4
랑야방,7일 전,3.0,.,130994,슈퍼배드 4
베벵,7일 전,3.0,그루패밀리들이 케미가 좋아 재미있었고 미니언즈들이 귀여웠습니다 미니언즈 귀여움을 보고 싶다면 추천드립니다 한번만 봐도 충분 했던 영화  🎥,130994,슈퍼배드 4
고음의신,8일 전,5.0,와 제가 이렇게나 웃기면서 이렇게나 말이 안되면서 이렇게나 재밌던 sf코믹 액션 애니는 이게 처음이었어요 ㅋㅋㅋㅋㅋㅋㅋㅋㅋ^^,130994,슈퍼배드 4
1230lhj,9일 전,2.5,"슈퍼히어로보다는 빌런이 더 체질인 편, 능력은 귀여움이면 다했지.",130994,슈퍼배드 4
EXECUTIONER,9일 전,4.0,착해져버린 악당 그루와 미니언즈의 여전히 귀여운 케미 그리고 메가미니언즈의 활약까지 더 업된 애니메이션,130994,슈퍼배드 4
송씨네,9일 전,3.5,미니언 숫자만큼 커지는 스케일. 근데 말이지…,130994,슈퍼배드 4
조항빈,9일 전,2.0,.,130994,슈퍼배드 4
샤르르샤랄라샬라메,10일 전,2.5,미니언으로 언제까지 버틸 수 있을까?,130994,슈퍼배드 4
양기자 (YCU),12일 전,3.0,시종일관 각자의 개인기로 모든 걸 해결하려는 심산이다,130994,슈퍼배드 4
완전칙칙붐이네요,12일 전,4.5,귀여움 100점 웃김 100점 정신사나움 100점 도합 450점,130994,슈퍼배드 4
푸린센스,24일 전,3.5,미니언즈가 더 귀여워졌다 바글바글 미니언즈에 행복했다,130994,슈퍼배드 4
yemovie,한 달 전,3.0,그루 패밀리의 유쾌함이 내가 슈퍼배드 시리즈를 좋아하는 이유. 언제봐도 유쾌하다. 새로 나오는 그루 주니어와 메가 미니언즈(쪼매 징글)의 넘치는 개성에 마냥 웃게되는..,130994,슈퍼배드 4
설레는영화관,한 달 전,3.0,"미니언즈 외전도 사랑스럽고 웃기지만 , 역시 오리지널 슈퍼배드의 그루 패밀리와의 케미가 시너지가 상당히 좋다👍👍",130994,슈퍼배드 4
문화인생,한 달 전,2.5,"유치하긴하지만 귀여운맛에 보는 영화
그때문에 스토리가 산만함
단지 애들용영화 그이상그이하도 아닌 거 한 편 더 낸듯
미니언이 귀여우면 추천합니다.",130994,슈퍼배드 4
우아한,3달 전,-,범죄도시4,113797,범죄도시4
무비JWm,3달 전,2.0,"No Funny
No Develop
No Action
“카레에서 짜장으로 바뀌면 뭐하나 이미 아는 맛인데.”",113797,범죄도시4
당첨플리즈,3달 전,3.5,신기하게 같은 느낌인데 새롭다 다만 너무 초심만 지키는 느낌 슬슬 흥미를 잃을지도……….,113797,범죄도시4
색시주뇨비,3달 전,2.5,차라리 김무열 단독 빌런을 하지 그랬어,113797,범죄도시4
아임열,일 년 전,-,블라인드 시사회로 봤어요. 4편도 기대하셔도 됩니다~! (아직 출시까지 일년정도 남아서 스포는 못해드려요),113797,범죄도시4
션스,3달 전,2.5,이제는 맛없는 아는 맛,113797,범죄도시4
yemovie,3달 전,3.0,"우리의 FDA! 장이수가 다 했다.
개인적으로 2,3편의 빌런보다 훨 인상적이었던 4편의 빌런.",113797,범죄도시4
톰홀랜드,3달 전,2.0,1.2가 그립다 더는 볼 수 없는 걸까?,113797,범죄도시4
스완881201,3달 전,4.0,"액션에 더 신경을 쓴 부분이 만족스러웠음
악을 응징하는데서 오는 카타르시스란..
다 아는 맛이지만 여전히 맛있음",113797,범죄도시4
박수민,3달 전,1.5,김무열 섹시해,113797,범죄도시4
크리스_X_엔터테인먼트,3달 전,3.0,더 롱런하려면 변화가 필요한 시리즈이긴 하다.,113797,범죄도시4
샤일록,일 년 전,2.0,8월 9일 블라인드 미완성본 시사회를 통해 관람.,113797,범죄도시4
김좻swan,3달 전,2.5,범죄도시가 ‘범죄도시‘했다.,113797,범죄도시4
.,3달 전,3.0,지금까지 나온 시즌중엔 제일 아쉬웠다 급하게 작업하고 빠르게 편집하다보니 놓친게 많은 것 같은 느낌 그리고 자꾸만 웃기려고 노리고 치는 듯한 대사에 웃음을 잃게 된..,113797,범죄도시4
redfoo,3달 전,2.0,갈수록 부실해지는 데는 이유가 있지 않을까,113797,범죄도시4
샨이나라다,3달 전,4.0,"빌런이 너무 섹시하잖아 초반 복근에 시선강탈😍 마석도, 장이수 콤비 웃음지뢰. 범도4에서도 역시나 주옥같은 명대사들 쏟아짐.  천만 무난히 돌파하겠어요👏👏👏",113797,범죄도시4
BreadHolic,3달 전,3.0,그냥 볼만한 액션물이 되어버렸다.....,113797,범죄도시4
침착한_조인성_461082,3달 전,No rating,"범죄도시1,2편 재밌다고 하는 사람들 많았는데 나는 3편이 제일 재밌었고 (가족들과 다같이 보기 좋았음) 4편에서 느낀게 액션, 연출, 유머 놓친게 없었음.",113797,범죄도시4
재밌는_김남길_716225,3달 전,5.0,3도 진짜 재밌어서 박장대소 하면서 봤는데 4 시사회때보고 뒤집어 졌다. 또 보러가야지! 범죄도시 4 화이팅,113797,범죄도시4
파프리카,3달 전,2.5,3편보다 액션이나 빌런 매력은 뛰어나지만 스토리가 너무 늘어지는 느낌이들고 필요 없는 인물이 많은것 같다,113797,범죄도시4
크리스토퍼,3달 전,5.0,어제 시사회로 보고왔는데 역시 잘끓인 김치찌개는 최고다.. 또 생각나네 먹고 싶어서,113797,범죄도시4
sleepless0401,3달 전,3.5,범도3보다는 재밌다!,113797,범죄도시4
양기자 (YCU),3달 전,3.0,"주제가 사이버 범죄라지만, 결국은 '피도 좀 흘리는' 마동석 미사일 주먹에 승부를 봐야하는 건 어쩔 수 없는 것으로.",113797,범죄도시4
천마강림,2달 전,4.0,시리즈가 상하기전까진 4점. 아직 유통기한남아있다,113797,범죄도시4
영화보는퍼플,3달 전,5.0,마동석표 액션 언제봐도 통쾌하고 재밌었습니다! 김무열배우님은 조금더 잔인하게 나왔으면하는 아쉬움이 있습니다. 박지환 배우님은 진짜 거의 범죄도시4의 주인공이였습니다👍,113797,범죄도시4
홍민우,3달 전,3.5,아직까진 맛있는 사골국,113797,범죄도시4
Estevan,3달 전,2.5,현실을 기반한 매력 그 나머지는 공산품,113797,범죄도시4
현이버스,3달 전,3.5,"매번 비슷한 이야기로 작품이 전개되는데도, 계속 재밌을 수 있다니...언제까지 이럴 수 있나보자. 8편까지 나온다고?",113797,범죄도시4
쿠곰라이츠,3달 전,3.5,분노의 질주와 같이 그 '시리즈'이기에 볼 가치가 있는 영화,113797,범죄도시4
깜찍한_윤여정_332094,3달 전,2.5,범도가 나랑은 맞지않는구나만 다시금 깨닫고온,113797,범죄도시4
싹싹한_차은우_543441,3달 전,1.0,"이제그만 범죄도시 보내주자 갈수록 노잼이다~ 1편은 정말
최고 였고 대작이였다~",113797,범죄도시4
스완00,3달 전,3.5,범도 시리즈는 이 미친남성들이 너덜너덜하게 털리는 모습을 볼 수 있는 영화 시리즈라고 생각합니다,113797,범죄도시4
프로방스,3달 전,2.5,뭐...무슨 맛인지 아시죠?,113797,범죄도시4
지존보,3달 전,0.5,세번은 안당하지 라고 생각했던 한달전으로 돌아가고싶다.,113797,범죄도시4
똑똑한_송혜교_761232,3달 전,5.0,시사회 찐 관람 후기,113797,범죄도시4
화가난_올라프_627998,3달 전,No rating,마동석 범죄도시3에서는 마이크 타이슨 같은 느낌이였는데 범죄도시4에서는 조지 포먼 같은 느낌이 나서 시리즈 마다 다른 복싱 기술 구사하는 마동석 보는 재미가 있음.,113797,범죄도시4
행복한_티모시_565836,3달 전,5.0,"기대보다 더 찐한 액션! 섹쉬한 빌런 김무열! 마동석은 마동석했고, 장이수는 장이수했다.",113797,범죄도시4
너는봄날의뱃살같아,3달 전,5.0,재밌다!! 3편에서 실망을 했기 때문에 더 이를 간듯한 코믹액션!!,113797,범죄도시4
법규,3달 전,4.0,"3보다 낫겠지?, 황야에서 감독과 마동석 조합이 기대를 충분히 낮춰서인지 적당히 즐기기에 이정도만한 영화가 있나 싶다. 이런 한국영화의 시장상황은 차치하더라도..",113797,범죄도시4
똑똑한_서강준_956407,3달 전,5.0,"시사회를  통해 봤습니다  
강력한 마석도와 살인병기 백창기의 대결
돌아온 장이수의 코믹함 얄미운 장동철의 연기가 돋보입니다 역대급 재밌습니다!!",113797,범죄도시4
새침한_김남길_770533,3달 전,5.0,"역시 기대하는 웃음과 시원한 사이다를 안겨줌. 게다가 이번에는 액션이 진짜 너무 좋아서, 시리즈 중에 제일 좋았음!",113797,범죄도시4
고고한_송강호_979524,3달 전,5.0,기대를 저버리지 않는 시리즈물! 슬슬 더워지는데 시원한 한방! 강력해진 빌런! 돌아온 장이수까지! 아는 맛이지만 아는 맛이 무섭지,113797,범죄도시4
Theater_mania,3달 전,5.0,"시사회로 보길 잘했다. 
다른 시리즈물들과는 확연히 다르게 점점 진화하는 깊은맛.
최고의 프랜차이즈!",113797,범죄도시4
하늘이도훈,3달 전,4.5,"4/15(월) 코엑스 시사회 관람.
일단 첫소감은 와 이걸 또 해내네? 솔직히 4번째니까 기대 안했는데 괜한 걱정이었네요. 개봉하고 나면 한번 더 볼 예정(4D 괜찮을까요?)",113797,범죄도시4
행복한_강동원_794781,3달 전,5.0,"어제 시사회 다녀왔습니다
이번에도 범죄도시 특유의 사이다 액션과 유머코드를 시원하게 즐기다 보니 어느새 엔딩 크레딧...
미국에 '존윅'이 있다면, 한국은 범죄도시죠!",113797,범죄도시4
성수동불주먹👊,3달 전,5.0,"범죄도시에게 특유의 묵직하고 타격감 넘치는 액션씬이 만족스러움.
범죄도시4 안보면 볼 영화 없다!",113797,범죄도시4
도도한_마동석_372066,3달 전,5.0,"업그레이드된 서사, 돌아온 장이수",113797,범죄도시4
귀여운_김태희_679495,3달 전,5.0,시리즈 최고의 재미였습니다.,113797,범죄도시4
영화고프다,3달 전,5.0,범죄도시 시리즈가 계속 나옴으로써 우려가 되고 또 재밌을까 하는 고민이 있지만 그런 고민을 깨고 지금까지도 재밌네요. 시리즈가 나올수록 완성도 또한 더 좋아지는 거 같아요 추천!!,113797,범죄도시4
정룰루,4달 전,3.0,"볼 때마다 속시원한 시리즈!!
역시 대체불가한 마석도 존재감..
이라고 기대평을 썼으나,, 너무 아는 맛!
하지만 가끔 스트레스 받을 땐 패스트 푸드와 사이다 한 모금이 땡기긴 해",113797,범죄도시4
싹싹한_아이브_514750,3일 전,3.0,음 시원하게는 봤는데…..,113797,범죄도시4
준박이,10일 전,0.5,이제 그만 멈춰야 한다,113797,범죄도시4
똑똑한_엘사_385021,14일 전,5.0,"범죄도시
결제하기",113797,범죄도시4
blue_nothung,24일 전,2.0,"황야볼때 알아봤다. 감독은 노력을 많이해야한다.
2편이후로 더는 못봐주겠다. 계속이어가는게 의미가 있나하는 생각이든다",113797,범죄도시4
푸드파이터,24일 전,3.5,늘 먹던 맛인데도 같은 밥집을 찾는 건 그 밥집에 기대한 맛과 웃음이 있기 때문.,113797,범죄도시4
백볼마,25일 전,5.0,너무나 꿀잼ㅋㅋㅋ 스트레스가 다 풀려요ㅋㅋ!!!,113797,범죄도시4
귀여운_박찬욱_526480,한 달 전,5.0,3편보다 재미있음,113797,범죄도시4
충무공헬륨,한 달 전,2.0,뇌절을 떠나서 지금까지 재미 봤던 컨셉들도 맛이 약해졌다.,113797,범죄도시4
리뷰_한_줄,한 달 전,3.0,"범죄도시4는 관객의 기대에도 크게 미치지 못하고, 속편으로써 역할도 그다지 수행하지 못했지만, 마석도와 장이수 캐릭터에 든 정 때문에 기억이 미화된다.",113797,범죄도시4
스테파니동,한 달 전,3.0,3편보다는 좋아졌지만 여전히 많이 부족한 시리즈,113797,범죄도시4
상냥한_티모시_632001,2달 전,5.0,유머감과 통쾌함을 통시에 충족 시켜줘서 흥미로웠어요,113797,범죄도시4
행복한_팀버튼_977230,2달 전,-,한국 영화시장을 병들케 하는 암세포 같은 영화,113797,범죄도시4
구벨만,2달 전,2.5,오로지 자기 주먹에 대한 맹신만 커졌다.,113797,범죄도시4
함수정,2달 전,2.0,범죄도시4,113797,범죄도시4
석민,2달 전,5.0,4편은 2~3편의 많이  보안된 영화이고 항상  재밋고 스트레스가 날려요,113797,범죄도시4
kmjae09,2달 전,3.5,3편보다 개선점은 보였으나 아직은 변화가 더 필요한 영화,113797,범죄도시4
삼봉이형,3달 전,5.0,"시리즈 중 가장 재밌었다.
아빠랑 같이 봐서 더 좋았음^^",113797,범죄도시4
캡틴잭,3달 전,2.5,"자기복제가 두려운 나머지 정체성에도 혼란이.

그래도 3보단 낫다",113797,범죄도시4
김동진,3달 전,3.0,일등석에 탄 제작자 마동석의 시험과 과제,113797,범죄도시4
얼룩베레모,3달 전,3.0,"범죄의도시 
성인영화제목이다
범죄의도시1은 19금이라
성인으로써 신선하고 자극적이고  
재미있었다
범죄의도시2 .3.4는 15세 영화이며
성공한 1편 베끼기 급급
아는짜장맛",113797,범죄도시4
서정하,3달 전,2.5,"장이수만 반짝, 나머지는 하던 데로",113797,범죄도시4
캡짱,3달 전,4.5,마동석이 마동석했다!!! 마석도 폼미쳤다♡,113797,범죄도시4
귀여운_강동원_633977,3달 전,5.0,기대없이 아무생각없이 시간 보내기용으로 본건데 생각보다 내용도 기승전결 스토리 뻔하지만 스트레스 해소용으로 좋았어요^^특히 권선징악이라 정말 재밌게 봤습니다~역시 영화의 꽃은 감초,113797,범죄도시4
보문동꿀주먹,3달 전,2.0,흥행에 눈이 멀어 초심을 잃어버림.,113797,범죄도시4
상냥한_한소희_177029,3달 전,5.0,"재..재밋다..액션이 짜릿하고 악역이 멋있어서 너무 재밌었다,.소름돋게 멋있었어요.. 🤤",113797,범죄도시4
박정윤,3달 전,3.0,아무나 마구 찔러댄다고 악역이 매력적으로 보이는게 아닐텐데,113797,범죄도시4
새침한_도라에몽_169927,3달 전,5.0,반가운  얼굴들 보니  좋고   재미있게 잘  봤어요,113797,범죄도시4
도도한_안나_333706,3달 전,4.5,정말 추천합니다 범죄도시3에서의 아쉬움을 털어주는 듯한 작품이었습니다,113797,범죄도시4
화가난_스필버그_176430,3달 전,4.5,"재미있구만
다들 말들이 많아.
1.2.3편과 비교하지말고
그냥  처음  개봉하는
영화다라고  생각하고 보면
꽤 재미있습니다.",113797,범죄도시4
덤덤한_조인성_651401,3달 전,1.0,"더는 제작하지안하는게 좋을듯합니다.
최악입니다.",113797,범죄도시4
가스공조에너지맨,3달 전,0.5,재미없었어. 메가박스에서 조조로 봤는데  아무리 칼질을 해도 긴장감도 없고.  마석두는 무적인거고.,113797,범죄도시4
싹싹한_한소희_825853,3달 전,5.0,"난 솔직히 전편 중 최고였다ㅎ 빌런은 쎄고, 마동석은 통쾌했다ㅎ 그리고 조연들의 눈부신 활약ㅎㅎ 웃음 팡팡터짐. 기대안하고 갔더니 진짜 개만족하고 돌아옴. 강추!!",113797,범죄도시4
임쥬왕,3달 전,3.0,"1, 2가 최애인 나는.. 조금 아쉬웠다",113797,범죄도시4
새침한_엘사_936169,3달 전,4.5,"한바탕 웃고 왔네요
난.4탄이 젤 잼있어요",113797,범죄도시4
뽀르뚜,3달 전,4.0,전편들을 전혀 보지 않고 갔음에도 너무 재밌게 봤다. 인물들이 다 저마다의 매력이 있어서 좋았고 액션도 진짜 멋있었음!! 원래 오락액션영화 별로 안 좋아하는데 의외로 매우 만족!,113797,범죄도시4
얼죽시,3달 전,4.0,아는맛이라 아주 재밌게 보고 옴,113797,범죄도시4
사과,3달 전,2.5,"시리즈 영화로 그 뼈대는 유지했지만, 
특유의 유머는 장이수 배우가 가져간 덕분인지 
장첸과 강해상, 그 어딘가에 자리잡은 백창기 위치 때문인지-

아쉽다는 생각이 들었다.",113797,범죄도시4
임시완두콩,3달 전,5.0,"긴박한 재미는 부족했지만 내용은 그래도 탄탄하게 전개되서 좋았습니다.! 청불로 하고 1,2 처럼 했으면 좋긴 하겠지만요",113797,범죄도시4
고고한_에스파_173542,3달 전,5.0,"왜 리뷰점수가 이 모양인지 모르겠지만
범죄도시 1~4까지 모두 극장 관람한 한 사람으로 
완전~~~!!!!재밌게 봄!  김무열 너무 무서웠고 경찰청장님 너무 우켰~ㅋ5편 기다리는중",113797,범죄도시4
궁금한_디카프리오_718423,3달 전,2.5,개그가 못 따라오는 느낌. 주먹은 세졌는데 전편에 비해 아쉬움이 많네요. 공간의 제약이 있었지만 후반부 액션은 재밌게 봤습니다.,113797,범죄도시4
덤덤한_아이유_445604,3달 전,4.5,재밋게 잘 봤습니다,113797,범죄도시4
Spurs,3달 전,3.5,"무조건 2보다 아쉽고 3보다 재밌다.
장이수 진짜 쌉캐리.",113797,범죄도시4
영알못,3달 전,2.0,"엔터테인먼트적인 재미도 고갈, 한 템포 휴식이 필요해보인다",113797,범죄도시4
화가난_조인성_634341,3달 전,5.0,"시리즈중에 젤 재밌어요 
기대안하고 봐서 그런가 ㅎ
킬링타임용으론 쵝오닷♡",113797,범죄도시4
when_i_met_movie,3달 전,3.5,새로운 스텝을 겸한 여전히 묵직한 원 투 펀치,113797,범죄도시4
마시마로,3달 전,3.0,안정된 범위 내에서 시도하는 새로운 요소들은 익숙한 주먹 하나에 부서지는 신기루가 된다.,113797,범죄도시4
쑥쑤기,3달 전,5.0,"불호후기 많아서 걱정했는데 너~ 무 재밌었어요!!!!
장이수캐릭터 최고였슴 ..,
김무열배우님도 멋있었어요ㅠㅅㅠ",113797,범죄도시4
깜찍한_차은우_175584,3달 전,2.5,방금 보고온1인 그전 시리즈와 비슷 그냥 시원한 액션과 중간중간에 코믹정도 개인적으로 다음편부터는 이런식이면 좀 힘들듯합니다.,113797,범죄도시4
시베리안허스키,3달 전,2.5,"피식 웃게 만드는 유머와 마동석의 주먹에서 나오는 쾌감은 여전하지만, 이제는 너무나도 진부하게 느껴지는 시리즈. 멋을 위해 무언가 덕지덕지 붙혀놨지만 오히려 해가 되어버리다.",113797,범죄도시4
jyh_cinema,3달 전,2.5,거듭된 시리즈의 아이디어 소진엔 다 이유가 있지 않을까. 👊 🔪,113797,범죄도시4
둥월,3달 전,3.5,거북이집,113797,범죄도시4
하늘아래서,3달 전,1.0,"#범죄도시4 #범죄도시4_예매인증
새로운 주먹 한방 재미 코믹 
많이 아쉬워요",113797,범죄도시4
귀여운_송강_369127,3달 전,0.5,"그만 좀 우려 먹어라 
야 무슨 터미네이터냐",113797,범죄도시4
재밌는_강동원_718725,3달 전,5.0,3편보다  재미있어요,113797,범죄도시4
하외욤,3달 전,2.5,시리즈가 아닌 완전한 자기복제. 쿠폰마저 아깝다. 장첸에서 멈추고 숨고르기 했어야 했다.,113797,범죄도시4
믹무비,3달 전,3.0,"성공적인 범죄도시만의 흥행공식 위에 마석도와 장이수만이 빛을 발하고, 그 외에 모든 것들이 퇴행하다.",113797,범죄도시4
도도한_김계란_144564,3달 전,1.5,"5는 극장가서 안본다...황야랑 같은 감독이라고 할 때부터 불안하더라...1편 이후에 2, 3, 4는 다 별로고 시리즈가 이어질수록 더 별로다...이러다 다음편은 전체관람가 되겠다",113797,범죄도시4
Newker,3달 전,4.5,범죄도시4 마동석 액선의 시원한 타격감 악역 김무열과 이동휘의 존재감 그리고 장이수 역할에 박지환의 관객 웃음 코드 실망없이 재밌게 볼 수 있는 최고의 오락 액션 영화다.,113797,범죄도시4
참치즈,3달 전,4.5,아는 맛이 무섭다,113797,범죄도시4
청귤,3달 전,5.0,범죄(싹쓸이)도시,113797,범죄도시4
요키치,3달 전,2.0,"1,2편 같이 위험한 느낌을 살리고 싶었지만 부족했다. 그리고 3편처럼 편하게 상업적 코믹물로 만드는 것도 부족하다고 느꼈다. 장이수가 나오는 몇몇장면 빼고는 웃음타율이 많이 부족",113797,범죄도시4
귀여운_조인성_905771,3달 전,4.0,엉성한 짜임의 아쉬움,113797,범죄도시4
새침한_강동원_609254,3달 전,5.0,뭐 이정도면 액션영화가 다 그렇지,113797,범죄도시4
즐거운_김선호_992975,3달 전,-,장이수의 범죄도시 너무 웃기고 잼있어요,113797,범죄도시4
빌런팝콘,3달 전,3.0,모든 엉성함을 단번에 날려버릴 기분좋은 특유의 액션. 그리고 장이수의 차력쇼,113797,범죄도시4
깜찍한_샤이니_167882,3달 전,4.5,fda 폴리스다크아미~~  3편보단 잼나는데 모든게 익숙해서인지 뭔가를 크게 바라면 실망할듯 그래도 갠적으로 잼나는 영화였어요,113797,범죄도시4
깜찍한_샤이니_190112,3달 전,No rating,2편급의 분위기로 성장했고 이번에 마석도가 진짜 개빡치는데 확실히 분위기가 무거워졌다 그리고 굉장히 재밌다,113797,범죄도시4
덤덤한_슈카_779253,3달 전,4.0,3편까지 하지 4편 만들어 가지고 또 몬살게구네,113797,범죄도시4
망순고양,3달 전,1.5,"뻔하디 뻔한 범죄도시.. 마동석히어로물
똑같은 패턴 개그코드 스토리
말장난개그도 극장에선 싸늘
장이수 혼자 개그 코드 

더이상 식상하기전에 
1편처럼 청불 느와르로 이름값 했으면",113797,범죄도시4
행복한_이병헌_385928,3달 전,No rating,솔직히 이거 개기대중,113797,범죄도시4
친절한_아이브_283880,3달 전,4.5,"포스터에서 나온듯한 새로운 시즌, 마블리님의 작품",113797,범죄도시4
신이난_레오_110857,3달 전,5.0,"완전 쩌는 영화네요! 2,000만 가자",113797,범죄도시4
새침한_마동석_206857,3달 전,-,만족,113797,범죄도시4
장혜령,3달 전,3.0,톤이 다소 무거워졌지만 시리즈의 장점을 확실히 키워내는 뚝심. 마석도도 히어로가 아닌 인간이었다.,113797,범죄도시4
행복한_김혜수_449278,4달 전,No rating,백창기 긴장감 상승하게 하는 빌런 역할 기대되네요,113797,범죄도시4
아무말잔치,4달 전,No rating,이번 범죄도시는 전투신 많을 듯 하네요,113797,범죄도시4
싹싹한_마동석_487408,4달 전,5.0,벌써 부터 기대중!!! 범죄도시 대박나길!!! 다음주 수요일 너무 기대되요!! 꼭 볼게요 최애 범죄도시 영화 나이스~~~,113797,범죄도시4
심준영,하루 전,2.5,갈수록 마동석의 주먹과 반비례하는 시리즈의 무게감.,113797,범죄도시4
소토로베리,2일 전,1.5,"영화비가 아까웠다 
1, 그리고 2까지는 어찌어찌 볼만했는데 3부터는 진짜 재미없어서 와 얼마나 재미없게 만들수있나 보자 하면서 봄 ..",113797,범죄도시4
Dooh,2일 전,2.5,범죄도시 시리즈는 너무 우려먹은 듯하다… 더이상 새로운 매력을 찾지 못했다,113797,범죄도시4
즐거운_신동엽_553856,2일 전,4.0,전작의 시퀀스를 그대로 따라가지만 챙길 것 다 챙기는 영악한 구성.,113797,범죄도시4
평가에유한편🍿,3일 전,5.0,맛보장된 프렌차이즈 가게 같은 느낌. 누구나 아는 결말. 가볍게 보기 좋은 작품.,113797,범죄도시4
총알넣고탕탕탕,6일 전,3.0,"1, 2만큼 임팩트가 크진 않았다.
그래도 3보다는 재밌었다.",113797,범죄도시4
키다리노진구,7일 전,3.0,40년 전통의 김치찌개 맛집에서 파는 김치찌개,113797,범죄도시4
팝콘이맛나요,7일 전,3.5,전 스토리 하나도 몰라도 그냥 주먹쓰는맛에 보는 영화... 근데 좀 뻔한 면이 많아,113797,범죄도시4
벨루가당그니,7일 전,5.0,믿고보는 마석도x장이수,113797,범죄도시4
존,9일 전,3.5,라면도 매일 먹으면 물린다,113797,범죄도시4
친절한_김혜수_740950,10일 전,2.0,이제 단물 지나 쓴물만 나오는 것 같다. 아직 박수 받을 때 떠나야 하지 않겠냐,113797,범죄도시4
장비도비,13일 전,3.0,킬링타임 무비 근데 갈 수록 퀄이 내려가넹,113797,범죄도시4
즐거운_슈카_434091,16일 전,3.0,같은 공식이 뭐가 나빠,113797,범죄도시4
YUM,19일 전,4.5,아는 맛도 재밌을 수가 있구나,113797,범죄도시4
윰윰,20일 전,5.0,재미있게 봤어요,113797,범죄도시4
행복한덕후,21일 전,-,장이수 캐릭터 너무 좋다 😆 😆 폭풍 주먹맛이 질리지 않게 유지해주는 유쾌한 캐릭터의 조합이 굿굿,113797,범죄도시4
이리온,22일 전,3.5,3편보다 진보된 액션의 쾌감.,113797,범죄도시4
다정한_호랑이,23일 전,0.5,스크린 독점해 1000만 되는게 목표?  1000만 되고나니 모든 거품 싹 빠지고 발빼버린것 같은건 느낌. 5편 꼭 나와야해?,113797,범죄도시4
Catsby,24일 전,3.0,매일먹는 짬밥같은 영화. 더이상 특별하지도 재밌지도 않음,113797,범죄도시4
도도한_567681,24일 전,4.5,속이 뻥 시원해 지는 영화,113797,범죄도시4
침착한_엠마스톤_309510,24일 전,1.5,재미 없어 끝까지 못보겠음.,113797,범죄도시4
놀라운_티모시_908889,24일 전,0.5,"B급 하급 단편 드라마 수준의 연출력
연기들은 갠춘했는데 저예산티 팍팍 나는 싸구려 저화질 느낌 비디오용 영화임 돈 좀 어느정도는 쓰고 만들자",113797,범죄도시4
미도리,24일 전,3.0,빵빵 터지는 아는 맛.,113797,범죄도시4
침착한_에스파_418625,25일 전,0.5,"3편 보다 30배 재미없다 이게 영화인가싶다 
디워>엄복>범죄도시4 
재밌다는 애들 차라리 snl봐라 ㅉㅉㅉㅉ",113797,범죄도시4
타란티노존버중,25일 전,1.5,FDA 놀이 재밌냐 진짜?,113797,범죄도시4
새침한_팀버튼_407491,25일 전,5.0,믿고 보는 범죄도시 시리즈여서 너무 재미있었고 김무열과 이주빈의 얼굴이 특히 재미있었어요,113797,범죄도시4
501호일부,25일 전,3.5,fㅗㄹ리스 다크 아미 장이수가 다 만들었구마잉 장이수 시리즈잖슴 ~~~,113797,범죄도시4
강인한_샤이니_705945,25일 전,1.0,"갈 수록 헐렁... 이렇게 허술하게 만들 수 있나 
날로 먹네",113797,범죄도시4
Old-kino,한 달 전,2.0,반복되는 자기복제를 폭력수위로 합리화하려는 나쁜 생각을 가진영화.. 그냥 돈맛에 길들여진 안일한 제작 연출 방식에 .. 보는내 짜증이난다.. 제발 그만하자.. 쫌..,113797,범죄도시4
덤덤한_크리스토퍼_796924,한 달 전,2.0,.,113797,범죄도시4
새침한_김남길_824185,한 달 전,No rating,"총 8 편까지 기획중 이라 하는데...  그 와중..  전설의  ""강철중""  과 호흡을 맞춰보는건 어떨까 생각해 봅니다.",113797,범죄도시4
젤리맛푸딩,한 달 전,2.5,그래도 포기하고 보니까 좋은데?,113797,범죄도시4
즐거운_코난_645315,한 달 전,0.5,?,113797,범죄도시4
슈가슈가룬,5달 전,3.0,"감독의 오컬트 3부작 중 오락성 면에서는 제일 만족도가 높음
개인적으로 흥미로운 주제라 초반에는 몰입이 좋았지만 후반부의 늘어짐과 험한것의 공포감이 약한것이 아쉬웠음",125723,파묘
가보자고,5달 전,5.0,"하여간 일본놈들......

2.27.(2차)
첫 관람 때 못봤던 디테일들 발견하고 신났는데 다들 이미 알더라..",125723,파묘
09190929,4달 전,5.0,진짜 배우들의 신들린 연기를 보고 감동받았네요 찐으로 소리지를뻔,125723,파묘
햇볕은쨍쨍,5달 전,4.5,기대 이상.. 한일전은 무조건 이겨야지 !!,125723,파묘
임희봉,5달 전,4.5,오컬트와 민속학으로 시작해서 역사와 민족까지 거슬러 올라가는 장재현 감독의 담대한 야망과 포부,125723,파묘
덤덤한_정우성_382010,4달 전,5.0,와.. 보는내내 몰입도가 짱~~  믿고 보는 배우들 연기 때문이겠죠ㅎㅎ,125723,파묘
와이파이연결,5달 전,2.5,"영화를 본것같지 않고, 괴수 비디오게임 에피소드를 하나 본것같다.",125723,파묘
즉석영화,5달 전,1.0,캐릭터들 별루이고 내용도 벌루.. 그냥저냥 볼만 영화도 아님,125723,파묘
에스떼반,5달 전,3.5,"종교, 우주, 무속과 풍수는 뚜렷한 실체가 없는데도 사람들이 이유 모를 믿음을 갖고 있기에 그 생명력을 유지한다. 그런 점에서 오컬트의 매력을 상실케하는 실체의 등장은 아쉽다.",125723,파묘
행인3,5달 전,2.5,너무 직관적인 이야기. 소재와 컨셉까진 좋았지만 중반부부터 실망감을 감출 수 없다.,125723,파묘
곽도훈,5달 전,5.0,한국이니까 가능했던 반전과 스토리,125723,파묘
나타,5달 전,5.0,감독의 뚝심이 빛을 발하는 영화이다. 이런 다양한 영화를 원했다. 짜임새도 좋고 연출 시각효과 연기 뭐하나 아쉬울게 없었던 상업오락영화의 진수. 초강력추천한다.,125723,파묘
PangJuck,5달 전,3.5,실체가 안보일 때 까지는 참 좋았는데,125723,파묘
당첨플리즈,5달 전,4.5,엄청난 오컬트 세계관! 보는내내 스토리와 연기에 소름!!,125723,파묘
낙하리,5달 전,3.0,무(巫)를 보려고 묏자리를 파헤쳤더니 생각지도 원치도 않았던 무(武)가 딸려 나온 건에 대하여.,125723,파묘
말랑손,5달 전,2.0,오컬트로 엉성히 덮어둔 항일영화. 아쉬운 시나리오를 훈수적으로 넘겨보려는 비겁한 연출. 이제 오컬트는 그만 놔줬으면 한다,125723,파묘
14,5달 전,4.0,공교롭게 삼일절에 보고선 상영관에 불 켜진 뒤 대한독립만세 외칠 뻔,125723,파묘
씨네마_CSI,5달 전,5.0,"개인적으로 마지막까지 몰입감 있게 봤음.
영상적 묘사나 표현이나 음향. 배우님들 연기는 두말할것도 없었고.. 그저 갓했다.",125723,파묘
장혜령,5달 전,4.5,"취재와 경험, 상상이 만난 촘촘한 서사. 뜻밖의 한일전 카타르시스.",125723,파묘
CHOjo,5달 전,4.0,파내고 파내 장르의 척추를 끊어버림에도 영화 전체에 가득 배인 누린내.,125723,파묘
persona,5달 전,3.5,김진명의 황태자비납치사건 조정래의 아리랑이 버무려진거 같은 한국만 만들 수 있는 오컬트!!,125723,파묘
무비JWm,5달 전,4.0,젖은 나무에서 활활 타오르는 쇳덩이의 야망이 느껴진다. 장재현 감독의 야망은 또 한번 증명됐다.,125723,파묘
키티,5달 전,3.0,"전반부 곡성, 후반부 고스트 버스터즈",125723,파묘
오땅,5달 전,4.5,오컬트 영화 제 기준 탑입니다.  와. 김고은 배우 연기에 감탄했어요. 굿하는 장면에서 소름돋고 눈물이 차오를 만큼 연기에 감동받았어요. 몰입감 최고였어요.,125723,파묘
카이로스,5달 전,4.0,그냥 이장이 아니었다. 단순 파묘가 아닌 일제 만행을 파내어 버리는...,125723,파묘
edanomelefac,5달 전,4.0,파묘는 오해를 받고 있다. 영화를 응원하는 쪽과 영화를 비판하는 쪽 모두에게.,125723,파묘
쉼표860508,5달 전,4.5,"오컬트에 4.5 준 적은 없었다.
스릴러, 액션, 코믹, 재미, 스토리 짜임새의 발란스가 참 잘 버무러진 영화
또 보고 싶음 혹시 놓친 게 있을까봐...
오싹함을 참고 다시 봐야지",125723,파묘
하잉,5달 전,4.0,무속인이라는 신선한 소재와 긴장감 넘치는 전개!,125723,파묘
리무진,5달 전,5.0,"영화 속 그들도, 관객들도 정말로 처음 보는 것이 나왔다.",125723,파묘
공부방,5달 전,3.5,"배우들 연기는 물론 좋았고, 너무 무서워서 시간을 어떻게 버텼는지 모를 정도. 심장이 너무 쿵쾅쿵쾅",125723,파묘
가영가,5달 전,2.5,변형 괴수물로서의 오컬트 비빔밥,125723,파묘
카프리키노,5달 전,3.0,"전반은 풍수, 장묘, 무속 등 토속적 오컬트 소재를 배합해 나가다가 장점은 다 묻어버리고 후반 도깨비가 된 일본 쇠말뚝 귀신으로 슬래셔 괴수물 노선 변경 후 급마무리 한다.",125723,파묘
남포동호떡주먹,5달 전,2.0,“출발은 창대하나 도착은 미미하다”,125723,파묘
석연치않은플레이,5달 전,3.0,김고은의 굿에 내 혼도 뺏길 뻔.,125723,파묘
BIGMAC_bro,5달 전,4.0,직관적인 K-오컬트. 한국의 장묘 문화와 미신 등을 잘 섞어 맛깔나는 퇴마극으로 탄생시킴. 상당히 직관적인 퇴마물이라 <곡성>이나 <사바하> 보단 더 오락적인 느낌도 강했음. 재밌,125723,파묘
키네키노,5달 전,2.5,시리즈로 만들법한 한국형 오컬트.,125723,파묘
블루레몬,3달 전,-,오컬트의 새로운 역사를 쓴!!,125723,파묘
김좻swan,4달 전,5.0,한국의 혼을 담은 오컬트 영화. 그냥 봐도 재미있지만 깊이 살펴보면 더 큰 메시지를 나눌 수 있습니다.,125723,파묘
Callahan,5달 전,2.0,게으른 네셔널리즘,125723,파묘
박수민,5달 전,3.5,나도 작품에 대해서만 평가하고 싶은데 아니 이도현이 자꾸 꼬시더라니까요,125723,파묘
신정민,5달 전,4.5,오컬트의 의미있고 인상깊은 한국화,125723,파묘
샨이나라다,4달 전,4.0,무당이 치성드리러 산타는게 아니라 굿할 체력 기르러 다니는걸수도 있겠단 생각을 처음 해봄. 김고은 굿판 굿.,125723,파묘
리베_liebe,4달 전,5.0,"연기맛집!!!!! 
134분이 순식간에 지나버렸어요!!!!",125723,파묘
동구리,5달 전,2.5,장르들 사이에서,125723,파묘
25n,5달 전,3.5,이 영화에서 가장 무서운 것은 배우들의 연기력,125723,파묘
서진,5달 전,3.0,"'물은 불을 이기고, 젖은 나무는 쇠보다 질기다.'",125723,파묘
CreepRocket,4달 전,4.0,다소 기이하나 꽤나 참신한 소재 비틀기를 활용한 덕질과 유입의 정교한 밸런스.,125723,파묘
내팝콘임시완꺼,4달 전,-,재미따,125723,파묘
Scoremaker@,5달 전,2.5,어느시점까지 굉장히 탄탄하다고 생각했는데 맥이탁풀리는 그 순간... 너무기대를했나보다ㅠ,125723,파묘
키높이오,5달 전,3.0,"오늘 먹고 죽어보자
신명나게 개판 쳐보려고 갔더니,
생각보다 깔끔한 파티장에 도착한 기분",125723,파묘
김치,5달 전,3.5,허리가 반으로 끊어져도 양쪽 모두 힘이 있는 경우,125723,파묘
해석왕 고태일,5달 전,3.5,묻혀있던 항일을 파내다.,125723,파묘
김병언,5달 전,3.5,[파묘] 짧은 관람 후기,125723,파묘
조항빈,5달 전,3.5,.,125723,파묘
톰홀랜드,5달 전,4.0,이게 장르지,125723,파묘
청키몽키,5달 전,4.0,곱게 갈린 미술팀에 쩌는 연기를 곁들여 먹는 영화,125723,파묘
싹싹한_엠마스톤_919510,14일 전,5.0,"재밌는 내용  전개도 빠르고
나름 짜임새도  아 그래서 오니의
후예들이  물타기 하려 건국전쟁
인가   하는  그지같은거 로 맞블 놨구나",125723,파묘
야스민_1215,2달 전,5.0,레전드한 영화!!!! 대박 !!!!,125723,파묘
천마강림,2달 전,4.5,일본 사무라이 패는데 희열을 느꼈다. 늘 다음작품이 기대되는 감독님,125723,파묘
행복,3달 전,5.0,"올해 본 영화 중 가장 재밌었습니다
영화 잘 안보는데 이건 강력추천",125723,파묘
푸드파이터,3달 전,3.0,이해하기 쉬운 오컬트 영화. 오컬트 입문용으로는 좋을듯 하나 왜 천만 영화인지는 잘 모르겠다.,125723,파묘
스완00,3달 전,3.5,초중반의 높은몰입도로 지루하지 않았으나 후반으로 갈수록 산으로 가는 전개,125723,파묘
도도한_김혜수_365034,4달 전,5.0,한국 오컬트계 대부 다운 작품입니다.,125723,파묘
덤덤한_엠마스톤_430108,4달 전,5.0,한국판 오컬트 장르 끝판왕 영화 보고 해석해보는 재미도 쏠쏠함,125723,파묘
재밌는_스필버그_228248,4달 전,4.5,간만에 잼나게 본 영화였습니다....  배우님들의 연기력이  .... 넘 훌륭하심,125723,파묘
귀여운 타란티노_94903,4달 전,2.5,"오컬트물이라기 보단 괴수물. 괴수를 상대하기 위해 열심히 설명해준 규칙들은 made in japan 한마디에 물거품이 되고, 자기들끼리만 아는 법칙들로 얼렁뚱땅 해결해버린다.",125723,파묘
친절한_컴버배치_478677,5달 전,5.0,내 심장이 파묘 당했음.. 대한민국만세다.,125723,파묘
아이리스,5달 전,5.0,K-오컬트도 할 수 있다.,125723,파묘
승진,5달 전,4.5,한국형 오컬트라는 것도 흥미롭지만 일단 연출에 숨막혔다 연기에 뚜드려 맞는 기분. 한국 토속민간신앙에 MZ를 더하니 차라리 더 와닿았음.,125723,파묘
HiFiming,5달 전,3.5,민족의 정기로 암울한 잔재를 거침없이 파묘하다.,125723,파묘
크리스_X_엔터테인먼트,5달 전,3.5,"한국 오컬트 장르의 개척자, 장재현 감독! 앞으로도 계속 한 우물만 파주시길!",125723,파묘
로니,5달 전,4.0,꼭 해야만 하는 것. 하지 않을 수 없는 것.,125723,파묘
오래구워,5달 전,3.0,"파묘, 그것은 애국의 길?!",125723,파묘
무니,5달 전,3.0,중반이후 뇌절에도 불구하고 배우들 매력으로 끝까지 가는.,125723,파묘
맑다오늘,5달 전,4.5,"긴 상영시간 휘리릭 감
압도감 미침
깜짝깜짝 놀라는 부분도 있음
집중해서 보느라 가져간 음료도 거의 안 마심",125723,파묘
지누씨네,5달 전,3.0,"#파묘 ★★★
물아일체 신앙을 보는 맛",125723,파묘
쑤염,5달 전,3.0,장재현감독은 한국 영화계에서 독보적인 위치를 차지하는데 성공했다. 그와 별개로 영화는 평이하게 진행된다 느껴졌고 기시감이 많이 들어서 아쉬웠다...,125723,파묘
신당동떡볶이,5달 전,3.0,분위기로 조여오는 긴장감과 배우들 연기 다 너무 좋았지만 제가 너무 기대를 했는지 후반부는 생각보다 아쉬웠네요.... 반전들이 드러나는 부분부터 약간 읭? 하면서 본 것 같습니다.,125723,파묘
신이난_엘사_830706,5일 전,5.0,한국 문화와 정서를 잘 표현했고 그전까지 도깨비를 그렇게 무섭게 생각하지 않았는데 이번 영화를 보면서 다시금 생각하게 된다.,125723,파묘
궁금한_조인성_207164,9일 전,2.5,별로,125723,파묘
게으른티탄,9일 전,4.5,공포영화같지않은 크리쳐물,125723,파묘
영화마왕,13일 전,3.0,다양한게 섞여 튀어나와 당황스럽기도,125723,파묘
Charley,14일 전,3.5,"전반적인 완성도나 연출에 대한 아쉬움은 있지만, 캐릭터와 설정이 너무 마음에 들어서 언젠가 스핀오프 작품으로 다시 볼 수 있으면 좋겠다는 생각을 했다. 묘벤저스, 어떻게 안될까요?",125723,파묘
똑똑한_이정재,14일 전,4.0,"정령(오니)의 실체를 드러내는 무리수를 무릅쓰고라도 마침내 쌓아 올려 K-오컬트를 쫀쫀하고 두텁게 진화시키다. 모든 스탭, 캐스트, 장재현 감독에게 박수를!
2024. 4.0",125723,파묘
라리비,15일 전,3.0,괴수물로 바뀌기 전까진 좋았는데..ㅜㅜ,125723,파묘
백볼마,18일 전,5.0,너무 재밌어서 두번이나 봤어요!,125723,파묘
중딩평론가,한 달 전,4.0,"민족의 허리에 꽂힌 칼을, 마침내 빼내어 낸다",125723,파묘
화가난_조인성_634341,2달 전,-,"배우들 신들린 연기,역사의식 그 모든게 좋았다",125723,파묘
파라독스,2달 전,5.0,이런류의 영화를 관객은 원한다. 흥미로운 주제와 줄거리.,125723,파묘
똑똑한_안나_475719,2달 전,5.0,"와,, 진심 진짜 미쳤음 완전 재밌음",125723,파묘
르,2달 전,3.5,"연기, 음향이랑 연출이 좋아서 몰입감은 좋지만
개연성은 살짝 부족한 느낌이 들었다",125723,파묘
캡틴잭,3달 전,3.0,"마치 타짜(최동훈감독)를 보는 느낌이 든다

챕터를 나눠 보여줘서가 아니라
끝판대장 아귀를 쫓는 그런 느낌.

검은사제들,사바하,파묘까지 여전한
주연들의 케미
정말 세계관 통합한번",125723,파묘
토토로,3달 전,3.0,분명 초반엔 오오 이래서 천만?! 이었는데 중반부터 갑자기 뭔 피구왕 통키 불꽃슛 같은게 날라댕기기 시작하면서 짜게 식어버림..,125723,파묘
임쥬왕,3달 전,4.5,올해 본 최고의 영화!! 김고은 연기는 정말..,125723,파묘
상냥한_크리스토퍼_772509,3달 전,3.5,세대를 아우르는 몰입감이란 이런 소재에서 나오는구나를 절실히 느낀 영화,125723,파묘
스완,3달 전,5.0,"모든 배우들 연기력이 최고였어요
이도현 배우의 매력도 알게된 영화",125723,파묘
도라에몽,3달 전,4.0,배우들 연기가 미쳤음. 끝까지 몰입하게 만듦.,125723,파묘
임시완두콩,3달 전,5.0,"영화관 맨 앞줄 목빠지게 봤지만 더 몰입이 잘됨
김고은의 연기는 말도 못하게 소름이 돋고 모든게 잊혀지지 않는 영화 나오지마자 또 보고 싶다고 느낀 적은 처음",125723,파묘
재밌는_서강준_543183,3달 전,5.0,굿,125723,파묘
Newker,3달 전,5.0,오컬트 장인 장재현 감독과 캐틱터 장인 최민식 배우의 만남 그리고 김고은 배우의 신내린 무당 연기 섹시한 MZ 무당 이도현 열연 장면 하나 하나 각인되는 한국 오컬트 명작의 탄생,125723,파묘
청귤,3달 전,5.0,한상차림,125723,파묘
HwanSang,3달 전,5.0,"이렇게 역사를 보았다 
브금 때문이라도 극장서 꼭 봐야함",125723,파묘
빌런팝콘,3달 전,3.0,대중성있게 버무린 오컬트와 애국심의 잡탕,125723,파묘
나비,3달 전,3.0,"개인적인 기대에는 못 미쳤지만, 과대평가 되어도 좋은 영화",125723,파묘
하늘협곡,3달 전,2.0,우리나라에서 흔하지 않은 오컬트 장르라 챙겨 보고 있지만 늘 보고 나면 갸우뚱. 특히 파묘는 더더욱. 자료조사와 캐디에 비해 스토리는... 글쎄....,125723,파묘
샨뜻시완,3달 전,4.0,오컬트 장르를 선호하지 않아서 그런지 그냥 그랬습니다,125723,파묘
숲,3달 전,4.5,2번 봤어요.  다시 보니  보이는 것들이 많네요,125723,파묘
말세,3달 전,2.0,"중반부터 확 사라지는 긴장감, 헛웃음이 나오는 장면들... 검은 사제들을 기대하고 갔는데 반의 반 만큼도 재미가 없었다.",125723,파묘
삼봉이형,3달 전,5.0,험한것이 나왔다.,125723,파묘
똑똑한_루이스_743609,4달 전,5.0,끝까지  조금도 긴장을 늦출수 없는 최고의 영화입니다,125723,파묘
폭룡적_송강_428793,4달 전,5.0,오랜간만에 정말 재밌는 공포영화 최고였음,125723,파묘
영화좋아하는사람,4달 전,5.0,진짜 재밌음 그치만 영화관에서 봐야지 훨씬 재밌는 듯 함 오티티로 본다면 조금 아쉬울 것 같음,125723,파묘
똑똑한_마동석_121180,4달 전,-,"파버리고 싶네관객수에서
1000만영화? 라고 자존심이 상할정도네",125723,파묘
귀여운_코난_195271,4달 전,5.0,"엄마와함께 너무 재밌게봤어요.
80넘으신 엄마도 재밌다고~~~",125723,파묘
용아맥,4달 전,3.0,중반부까지의 긴장감이 은어와 함께 입 속으로..,125723,파묘
귀여운_김태희_165294,4달 전,4.0,재미있다. 시계안봤다. 무서운 영화 잘 못보는데  볼만했다.,125723,파묘
깜찍한_전지현_609515,4달 전,4.0,"오컬트영화 천만이란 소식듣고 뒤늦게 봄
전체적으로 파묘에대한  유교정신
풍수지리 역사적 관심 흥미를 끄는영화
오컬트란 장르 한우물파는 감독님 응원
일본정령 너무강함 한국혼령 화이팅",125723,파묘
안녕,4달 전,5.0,"평소 영화 혼자보러 다니는데, 이영화는 누군가랑 같이봐야할것같아서 ㅠ 끝나고 나가면서 '나혼자봤으면 어쩔뻔했어!'라는 말이 튀어나옴.대살굿퍼포먼스가 꽤멋있었다.",125723,파묘
eey,4달 전,2.5,연결고리 잃은 장르 대통합.,125723,파묘
surestart,4달 전,3.5,"신들린 연기, 멋들린 각본, 힘들인 연출 (공통 접두어 : 과하게)",125723,파묘
소나,4달 전,3.5,뭔가 되게 재밌으려다가 뒤로 갈수록 이게 뭐지?라는 생각이 드는.....천만이지만 내 취향은 아니였나보다ㅠㅜ  그래도 스토리를 빼면 잘 만든 한국영화같다,125723,파묘
프리렌,4달 전,5.0,보는내내 흥미진진 이런장르좋음,125723,파묘
유르포,4달 전,No rating,이야기가 크게 1편과 2편으로 나뉜 참신한 스토리는 좋았지만 초반에 오컬트한 분위기와 대조된 2부에 극적인 일본의 오니 이야기는 호불호가 갈릴거 같다,125723,파묘
Deckard,4달 전,3.5,"2024-03-23 / 024 / 한국인에게 가장 대중적인 오컬트의 주제, 무당",125723,파묘
도도한_샤이니_698117,4달 전,5.0,"개인적으로 공포,스릴러를  좋아해서 너무나 재미나게 봤어요^^개인적으로 파묘2도  제작하면 좋겠네여^^",125723,파묘
친절한_김혜수_740950,4달 전,3.5,흐름이 이상하다느니 해서 뭔가 봤더니,125723,파묘
별빛혀니,4달 전,4.5,"올해 제일 재미있게 본영화 생각할 거리들을 
많이 던지게 해준게 흥행의 요인이 아닌지",125723,파묘
새침한_팀버튼_331969,4달 전,5.0,"시간가는줄 모르고봤음..마누라는 그져그랬다는데..
취향차이인듯..
개인적으로 스토리좋고 배우들 연기잘하고..굿입니다..ㅎ",125723,파묘
강냉이,4달 전,3.5,토속 오컬트에 대한 기쁨과 첩장 이후의 아쉬움은 결국엔 기쁜 것 같다.,125723,파묘
JHrock,4달 전,4.0,대중 오락영화의 요소까지 두루 갖춘 K-퇴마 어벤져스. 오컬트를 소재로 이런 영화를 만들었다는게 놀랍다.,125723,파묘
차근차근,4달 전,3.5,"한국적인 매력이 충분한 오컬트. 좀 더 기괴한 음악, 촬영 구도를 감상할 수 있었다면 좋았을 것 같다.",125723,파묘
K고3,4달 전,5.0,"생각보다 무서웠지만 김고은 배우님의
활약이 재미있었습니다!",125723,파묘
바오쿵야,4달 전,-,배우분들이 너무 믿고보는 배우분들이셔서 기대하며 봤습니다다른 분들은 기대에 비해 별로라는 평도 있었지만 전 정말 디테일 하나하나 소름이 돋을 정도로 연출도 연기도 좋다고 생각했어요,125723,파묘
보구싶다,4달 전,4.0,감독의 전작들에서 쌓아온 내공이 개화한 것 같다. 처음부터 끝까지 집중력을 꽉 붙잡은 멋진 전개였다,125723,파묘
옹미앙드미앙,4달 전,5.0,이 사운드는 영화관이 제맛! 배우들 자연스러운 연기 멋짐.,125723,파묘
철컹💙,4달 전,4.0,개인적으로 중반부까지는 정말 몰입도 잘되고 재밌게 봤는데 뒷부분으로 갈수록 무섭지 않은 공포영화느낌이었어요,125723,파묘
깜찍한_송강호_331570,4달 전,4.0,"재밌었다. 곡성보다 내용이 더 쉽다.
무서운 것도 없다.
좀 더 역사적 사실을 집어넣어 인간에 대한 분노와 혐오가 더 드러났으면 하는 아쉬움이....",125723,파묘
고고한_서강준_143271,4달 전,5.0,굿,125723,파묘
밑 빠진 독,5달 전,2.0,"마니아가 결국 장르를 만들고 신드롬이 된다

그러나 상/하로 분리된 스토리는 아쉬웠다",125723,파묘
영화 읽어주는 남자,5달 전,No rating,'오컬트'라는 장르로 한정하기엔 아쉬운 영화,125723,파묘
화가난_안나_232998,5달 전,4.5,재미있고 너무 무섭지 않아 좋았어요,125723,파묘
깜찍한_아이유_153298,5달 전,5.0,이미 한번 봤지만 내 돈 내고 기꺼이 또 볼수있는 영화,125723,파묘
영화보는곰,5달 전,4.0,"파묘, 소름돋는 연기와 아우라.",125723,파묘
상냥한_침착맨_176408,5달 전,4.0,이 정도면 돈주고 보기 아깝진 않지,125723,파묘
행복한_강동원_617832,5달 전,4.0,"최민식, 유해진, 김고은, 이도현 어느 누구하나 손색없는 연기.
무당 의식, 지관, 장의사 등 볼거리가 다양하고 스토리 흐름이 자연스러워서 꽤 잘 만들어진 영화",125723,파묘
신이난_뉴진스_376984,5달 전,5.0,"풍수지리는 볼만한데 도깨비불은 불호라는 그대들
다양성은 존중하나 그 사고의 일관성없음을 인정하라",125723,파묘
놀라운_크리스토퍼_382667,5달 전,5.0,역사 오컬트 배우들의 명영기 최고였어요,125723,파묘
민짱,5달 전,4.0,"오락적 면에선 후반부까지 긴장감을 팽팽하게 가져간 것은 5점 만점. 김상덕의 애국심이 급발진이 설득력이 아쉬워서 감점했다가, 내포시킨 의미와 상징성에 플러스!",125723,파묘
귀여운_김혜수_468027,5달 전,5.0,"배우분들  연기 대~~박   소름돋음 !
완전 몰입해서 봄  !",125723,파묘
새침한_레오_197202,5달 전,5.0,기대한 만큼 스릴있고 재미있네요,125723,파묘
비비는비비빅,5달 전,5.0,너무 재밌었던 영화 한편으로는 슬프기도 했던 다시 한번 더 보러 갈 생각입니다,125723,파묘
재밌는_마동석_110158,5달 전,5.0,고등학생인 딸애와 중학생인 아들이랑 같이 관람했는데 둘다 자신들의 인생영화라고 하네요.며칠째 둘이서 영화얘기만 하고 있네요.가족들과 같이 보는걸 추천합니다.,125723,파묘
귀여운_레오_936318,5달 전,5.0,"2번봤어요
한번더보니 더 재밌네요
강추합니다 ~^^",125723,파묘
화가난_레오_597017,5달 전,5.0,드디어 봤습니다. 재미도 있지만  감독님이 차량번호 까지도 세심하게 신경 쓰시고 포스터의 한반도 지도 까지 ...  하나 하나 감탄했어요. 감사합니다,125723,파묘
즐거운_강동원_468757,5달 전,5.0,"마지막까지 몰입감 최고네요!
꼭 보시길 강추합니다.",125723,파묘
신이난_정우성_319990,5달 전,5.0,"한국 오컬트의 명가.
오컬트나 보여주는 방식이 취향이 갈릴 수 있으나
모든 캐릭터가 한국인으로써 익숙하기 때문에 더 좋았다.",125723,파묘
이윤지,5달 전,4.5,아 그냥 오컬트 장르의 영화구나 ~ 라고 생각하고 가면 오산이에요 ㅠㅠ 캐릭터 하나하나 매력있고 스토리는 후반부에 갈수록 호불호가 갈리지만 저는 재밌게 봤습니다,125723,파묘
Teddy_Boy,5달 전,4.0,"대중성과의 타협으로 인해 생긴 오컬트장르라는 땅에 파인 밋밋함이라는 구멍을
배우들의 묵직한 연기로 메우다.",125723,파묘
고고한_안나_160397,5달 전,5.0,지루할틈 없이 시간이 금방 갔습니다,125723,파묘
귀여운_안나_614404,5달 전,5.0,걸작입니다.,125723,파묘
